"","price","price_0","price_01","price_mill","price_sd","area","bedrooms","bathrooms","basement"
"1",13300000,8533270.75229358,1,13.3,4.56217387659127,7420,4,2,0
"2",12250000,7483270.75229358,0.921052631578947,12.25,4.00080852097622,8960,4,4,0
"3",12250000,7483270.75229358,0.921052631578947,12.25,4.00080852097622,9960,3,2,1
"4",12215000,7448270.75229358,0.918421052631579,12.215,3.98209634245572,7500,4,2,1
"5",11410000,6643270.75229358,0.857894736842105,11.41,3.55171623648417,7420,4,1,1
"6",10850000,6083270.75229358,0.815789473684211,10.85,3.25232138015614,7500,3,3,1
"7",10150000,5383270.75229358,0.763157894736842,10.15,2.87807780974611,8580,4,3,0
"8",10150000,5383270.75229358,0.763157894736842,10.15,2.87807780974611,16200,5,3,0
"9",9870000,5103270.75229358,0.742105263157895,9.87,2.72838038158209,8100,4,1,1
"10",9800000,5033270.75229358,0.736842105263158,9.8,2.69095602454109,5750,3,2,0
"11",9800000,5033270.75229358,0.736842105263158,9.8,2.69095602454109,13200,3,1,1
"12",9681000,4914270.75229358,0.727894736842105,9.681,2.62733461757138,6000,4,3,1
"13",9310000,4543270.75229358,0.7,9.31,2.42898552525406,6550,4,2,0
"14",9240000,4473270.75229358,0.694736842105263,9.24,2.39156116821306,3500,4,2,0
"15",9240000,4473270.75229358,0.694736842105263,9.24,2.39156116821306,7800,3,2,0
"16",9100000,4333270.75229358,0.684210526315789,9.1,2.31671245413105,6000,4,1,1
"17",9100000,4333270.75229358,0.684210526315789,9.1,2.31671245413105,6600,4,2,1
"18",8960000,4193270.75229358,0.673684210526316,8.96,2.24186374004904,8500,3,2,0
"19",8890000,4123270.75229358,0.668421052631579,8.89,2.20443938300804,4600,3,2,0
"20",8855000,4088270.75229358,0.66578947368421,8.855,2.18572720448754,6420,3,2,0
"21",8750000,3983270.75229358,0.657894736842105,8.75,2.12959066892603,4320,3,1,1
"22",8680000,3913270.75229358,0.652631578947368,8.68,2.09216631188503,7155,3,2,1
"23",8645000,3878270.75229358,0.65,8.645,2.07345413336453,8050,3,1,1
"24",8645000,3878270.75229358,0.65,8.645,2.07345413336453,4560,3,2,1
"25",8575000,3808270.75229358,0.644736842105263,8.575,2.03602977632352,8800,3,2,0
"26",8540000,3773270.75229358,0.642105263157895,8.54,2.01731759780302,6540,4,2,1
"27",8463000,3696270.75229358,0.636315789473684,8.463,1.97615080505792,6000,3,2,1
"28",8400000,3633270.75229358,0.631578947368421,8.4,1.94246888372101,8875,3,1,0
"29",8400000,3633270.75229358,0.631578947368421,8.4,1.94246888372101,7950,5,2,1
"30",8400000,3633270.75229358,0.631578947368421,8.4,1.94246888372101,5500,4,2,1
"31",8400000,3633270.75229358,0.631578947368421,8.4,1.94246888372101,7475,3,2,0
"32",8400000,3633270.75229358,0.631578947368421,8.4,1.94246888372101,7000,3,1,0
"33",8295000,3528270.75229358,0.623684210526316,8.295,1.88633234815951,4880,4,2,0
"34",8190000,3423270.75229358,0.615789473684211,8.19,1.830195812598,5960,3,3,1
"35",8120000,3353270.75229358,0.610526315789474,8.12,1.792771455557,6840,5,1,1
"36",8080940,3314210.75229358,0.607589473684211,8.08094,1.77188866432812,7000,3,2,0
"37",8043000,3276270.75229358,0.604736842105263,8.043,1.7516046628119,7482,3,2,0
"38",7980000,3213270.75229358,0.6,7.98,1.71792274147499,9000,4,2,0
"39",7962500,3195770.75229358,0.598684210526316,7.9625,1.70856665221474,6000,3,1,0
"40",7910000,3143270.75229358,0.594736842105263,7.91,1.68049838443399,6000,4,2,0
"41",7875000,3108270.75229358,0.592105263157895,7.875,1.66178620591349,6550,3,1,1
"42",7840000,3073270.75229358,0.589473684210526,7.84,1.64307402739298,6360,3,2,0
"43",7700000,2933270.75229358,0.578947368421053,7.7,1.56822531331098,6480,3,2,0
"44",7700000,2933270.75229358,0.578947368421053,7.7,1.56822531331098,6000,4,2,0
"45",7560000,2793270.75229358,0.568421052631579,7.56,1.49337659922897,6000,4,2,0
"46",7560000,2793270.75229358,0.568421052631579,7.56,1.49337659922897,6000,3,2,0
"47",7525000,2758270.75229358,0.565789473684211,7.525,1.47466442070847,6000,3,2,0
"48",7490000,2723270.75229358,0.563157894736842,7.49,1.45595224218797,6600,3,1,0
"49",7455000,2688270.75229358,0.560526315789474,7.455,1.43724006366746,4300,3,2,1
"50",7420000,2653270.75229358,0.557894736842105,7.42,1.41852788514696,7440,3,2,1
"51",7420000,2653270.75229358,0.557894736842105,7.42,1.41852788514696,7440,3,2,0
"52",7420000,2653270.75229358,0.557894736842105,7.42,1.41852788514696,6325,3,1,0
"53",7350000,2583270.75229358,0.552631578947368,7.35,1.38110352810596,6000,4,2,0
"54",7350000,2583270.75229358,0.552631578947368,7.35,1.38110352810596,5150,3,2,0
"55",7350000,2583270.75229358,0.552631578947368,7.35,1.38110352810596,6000,3,2,0
"56",7350000,2583270.75229358,0.552631578947368,7.35,1.38110352810596,6000,3,1,0
"57",7343000,2576270.75229358,0.552105263157895,7.343,1.37736109240186,11440,4,1,1
"58",7245000,2478270.75229358,0.544736842105263,7.245,1.32496699254445,9000,4,2,0
"59",7210000,2443270.75229358,0.542105263157895,7.21,1.30625481402395,7680,4,2,0
"60",7210000,2443270.75229358,0.542105263157895,7.21,1.30625481402395,6000,3,2,0
"61",7140000,2373270.75229358,0.536842105263158,7.14,1.26883045698295,6000,3,2,0
"62",7070000,2303270.75229358,0.531578947368421,7.07,1.23140609994194,8880,2,1,0
"63",7070000,2303270.75229358,0.531578947368421,7.07,1.23140609994194,6240,4,2,0
"64",7035000,2268270.75229358,0.528947368421053,7.035,1.21269392142144,6360,4,2,0
"65",7e+06,2233270.75229358,0.526315789473684,7,1.19398174290094,11175,3,1,1
"66",6930000,2163270.75229358,0.521052631578947,6.93,1.15655738585994,8880,3,2,1
"67",6930000,2163270.75229358,0.521052631578947,6.93,1.15655738585994,13200,2,1,1
"68",6895000,2128270.75229358,0.518421052631579,6.895,1.13784520733943,7700,3,2,0
"69",6860000,2093270.75229358,0.515789473684211,6.86,1.11913302881893,6000,3,1,0
"70",6790000,2023270.75229358,0.510526315789474,6.79,1.08170867177793,12090,4,2,0
"71",6790000,2023270.75229358,0.510526315789474,6.79,1.08170867177793,4000,3,2,1
"72",6755000,1988270.75229358,0.507894736842105,6.755,1.06299649325743,6000,4,2,0
"73",6720000,1953270.75229358,0.505263157894737,6.72,1.04428431473693,5020,3,1,0
"74",6685000,1918270.75229358,0.502631578947368,6.685,1.02557213621642,6600,2,2,1
"75",6650000,1883270.75229358,0.5,6.65,1.00685995769592,4040,3,1,1
"76",6650000,1883270.75229358,0.5,6.65,1.00685995769592,4260,4,2,0
"77",6650000,1883270.75229358,0.5,6.65,1.00685995769592,6420,3,2,0
"78",6650000,1883270.75229358,0.5,6.65,1.00685995769592,6500,3,2,0
"79",6650000,1883270.75229358,0.5,6.65,1.00685995769592,5700,3,1,1
"80",6650000,1883270.75229358,0.5,6.65,1.00685995769592,6000,3,2,0
"81",6629000,1862270.75229358,0.498421052631579,6.629,0.995632650583621,6000,3,1,0
"82",6615000,1848270.75229358,0.497368421052632,6.615,0.98814777917542,4000,3,2,1
"83",6615000,1848270.75229358,0.497368421052632,6.615,0.98814777917542,10500,3,2,1
"84",6580000,1813270.75229358,0.494736842105263,6.58,0.969435600654918,6000,3,2,0
"85",6510000,1743270.75229358,0.489473684210526,6.51,0.932011243613915,3760,3,1,0
"86",6510000,1743270.75229358,0.489473684210526,6.51,0.932011243613915,8250,3,2,0
"87",6510000,1743270.75229358,0.489473684210526,6.51,0.932011243613915,6670,3,1,1
"88",6475000,1708270.75229358,0.486842105263158,6.475,0.913299065093413,3960,3,1,1
"89",6475000,1708270.75229358,0.486842105263158,6.475,0.913299065093413,7410,3,1,1
"90",6440000,1673270.75229358,0.484210526315789,6.44,0.894586886572911,8580,5,3,0
"91",6440000,1673270.75229358,0.484210526315789,6.44,0.894586886572911,5000,3,1,0
"92",6419000,1652270.75229358,0.482631578947368,6.419,0.88335957946061,6750,2,1,1
"93",6405000,1638270.75229358,0.481578947368421,6.405,0.875874708052409,4800,3,2,0
"94",6300000,1533270.75229358,0.473684210526316,6.3,0.819738172490903,7200,3,2,1
"95",6300000,1533270.75229358,0.473684210526316,6.3,0.819738172490903,6000,4,2,0
"96",6300000,1533270.75229358,0.473684210526316,6.3,0.819738172490903,4100,3,2,0
"97",6300000,1533270.75229358,0.473684210526316,6.3,0.819738172490903,9000,3,1,1
"98",6300000,1533270.75229358,0.473684210526316,6.3,0.819738172490903,6400,3,1,1
"99",6293000,1526270.75229358,0.473157894736842,6.293,0.815995736786803,6600,3,2,0
"100",6265000,1498270.75229358,0.471052631578947,6.265,0.801025993970402,6000,4,1,1
"101",6230000,1463270.75229358,0.468421052631579,6.23,0.7823138154499,6600,3,2,1
"102",6230000,1463270.75229358,0.468421052631579,6.23,0.7823138154499,5500,3,1,0
"103",6195000,1428270.75229358,0.465789473684211,6.195,0.763601636929398,5500,3,2,0
"104",6195000,1428270.75229358,0.465789473684211,6.195,0.763601636929398,6350,3,2,0
"105",6195000,1428270.75229358,0.465789473684211,6.195,0.763601636929398,5500,3,2,1
"106",6160000,1393270.75229358,0.463157894736842,6.16,0.744889458408896,4500,3,1,0
"107",6160000,1393270.75229358,0.463157894736842,6.16,0.744889458408896,5450,4,2,1
"108",6125000,1358270.75229358,0.460526315789474,6.125,0.726177279888394,6420,3,1,1
"109",6107500,1340770.75229358,0.459210526315789,6.1075,0.716821190628143,3240,4,1,0
"110",6090000,1323270.75229358,0.457894736842105,6.09,0.707465101367892,6615,4,2,0
"111",6090000,1323270.75229358,0.457894736842105,6.09,0.707465101367892,6600,3,1,1
"112",6090000,1323270.75229358,0.457894736842105,6.09,0.707465101367892,8372,3,1,0
"113",6083000,1316270.75229358,0.457368421052632,6.083,0.703722665663792,4300,6,2,0
"114",6083000,1316270.75229358,0.457368421052632,6.083,0.703722665663792,9620,3,1,1
"115",6020000,1253270.75229358,0.452631578947368,6.02,0.670040744326889,6800,2,1,1
"116",6020000,1253270.75229358,0.452631578947368,6.02,0.670040744326889,8000,3,1,1
"117",6020000,1253270.75229358,0.452631578947368,6.02,0.670040744326889,6900,3,2,1
"118",5950000,1183270.75229358,0.447368421052632,5.95,0.632616387285885,3700,4,1,0
"119",5950000,1183270.75229358,0.447368421052632,5.95,0.632616387285885,6420,3,1,1
"120",5950000,1183270.75229358,0.447368421052632,5.95,0.632616387285885,7020,3,1,1
"121",5950000,1183270.75229358,0.447368421052632,5.95,0.632616387285885,6540,3,1,1
"122",5950000,1183270.75229358,0.447368421052632,5.95,0.632616387285885,7231,3,1,1
"123",5950000,1183270.75229358,0.447368421052632,5.95,0.632616387285885,6254,4,2,1
"124",5950000,1183270.75229358,0.447368421052632,5.95,0.632616387285885,7320,4,2,0
"125",5950000,1183270.75229358,0.447368421052632,5.95,0.632616387285885,6525,3,2,0
"126",5943000,1176270.75229358,0.446842105263158,5.943,0.628873951581784,15600,3,1,0
"127",5880000,1113270.75229358,0.442105263157895,5.88,0.595192030244881,7160,3,1,1
"128",5880000,1113270.75229358,0.442105263157895,5.88,0.595192030244881,6500,3,2,0
"129",5873000,1106270.75229358,0.441578947368421,5.873,0.591449594540781,5500,3,1,0
"130",5873000,1106270.75229358,0.441578947368421,5.873,0.591449594540781,11460,3,1,0
"131",5866000,1099270.75229358,0.441052631578947,5.866,0.58770715883668,4800,3,1,1
"132",5810000,1043270.75229358,0.436842105263158,5.81,0.557767673203877,5828,4,1,0
"133",5810000,1043270.75229358,0.436842105263158,5.81,0.557767673203877,5200,3,1,0
"134",5810000,1043270.75229358,0.436842105263158,5.81,0.557767673203877,4800,3,1,0
"135",5803000,1036270.75229358,0.436315789473684,5.803,0.554025237499777,7000,3,1,1
"136",5775000,1008270.75229358,0.434210526315789,5.775,0.539055494683376,6000,3,2,0
"137",5740000,973270.752293578,0.431578947368421,5.74,0.520343316162874,5400,4,2,0
"138",5740000,973270.752293578,0.431578947368421,5.74,0.520343316162874,4640,4,1,0
"139",5740000,973270.752293578,0.431578947368421,5.74,0.520343316162874,5000,3,1,0
"140",5740000,973270.752293578,0.431578947368421,5.74,0.520343316162874,6360,3,1,1
"141",5740000,973270.752293578,0.431578947368421,5.74,0.520343316162874,5800,3,2,0
"142",5652500,885770.752293578,0.425,5.6525,0.473562869861619,6660,4,2,1
"143",5600000,833270.752293578,0.421052631578947,5.6,0.445494602080866,10500,4,2,0
"144",5600000,833270.752293578,0.421052631578947,5.6,0.445494602080866,4800,5,2,1
"145",5600000,833270.752293578,0.421052631578947,5.6,0.445494602080866,4700,4,1,1
"146",5600000,833270.752293578,0.421052631578947,5.6,0.445494602080866,5000,3,1,0
"147",5600000,833270.752293578,0.421052631578947,5.6,0.445494602080866,10500,2,1,0
"148",5600000,833270.752293578,0.421052631578947,5.6,0.445494602080866,5500,3,2,0
"149",5600000,833270.752293578,0.421052631578947,5.6,0.445494602080866,6360,3,1,0
"150",5600000,833270.752293578,0.421052631578947,5.6,0.445494602080866,6600,4,2,1
"151",5600000,833270.752293578,0.421052631578947,5.6,0.445494602080866,5136,3,1,1
"152",5565000,798270.752293578,0.418421052631579,5.565,0.426782423560364,4400,4,1,0
"153",5565000,798270.752293578,0.418421052631579,5.565,0.426782423560364,5400,5,1,1
"154",5530000,763270.752293578,0.415789473684211,5.53,0.408070245039863,3300,3,3,1
"155",5530000,763270.752293578,0.415789473684211,5.53,0.408070245039863,3650,3,2,0
"156",5530000,763270.752293578,0.415789473684211,5.53,0.408070245039863,6100,3,2,1
"157",5523000,756270.752293578,0.415263157894737,5.523,0.404327809335762,6900,3,1,1
"158",5495000,728270.752293578,0.413157894736842,5.495,0.389358066519361,2817,4,2,1
"159",5495000,728270.752293578,0.413157894736842,5.495,0.389358066519361,7980,3,1,0
"160",5460000,693270.752293578,0.410526315789474,5.46,0.370645887998859,3150,3,2,1
"161",5460000,693270.752293578,0.410526315789474,5.46,0.370645887998859,6210,4,1,0
"162",5460000,693270.752293578,0.410526315789474,5.46,0.370645887998859,6100,3,1,0
"163",5460000,693270.752293578,0.410526315789474,5.46,0.370645887998859,6600,4,2,1
"164",5425000,658270.752293578,0.407894736842105,5.425,0.351933709478357,6825,3,1,1
"165",5390000,623270.752293578,0.405263157894737,5.39,0.333221530957855,6710,3,2,1
"166",5383000,616270.752293578,0.404736842105263,5.383,0.329479095253755,6450,3,2,1
"167",5320000,553270.752293578,0.4,5.32,0.295797173916851,7800,3,1,1
"168",5285000,518270.752293578,0.397368421052632,5.285,0.27708499539635,4600,2,2,0
"169",5250000,483270.752293578,0.394736842105263,5.25,0.258372816875848,4260,4,1,1
"170",5250000,483270.752293578,0.394736842105263,5.25,0.258372816875848,6540,4,2,0
"171",5250000,483270.752293578,0.394736842105263,5.25,0.258372816875848,5500,3,2,1
"172",5250000,483270.752293578,0.394736842105263,5.25,0.258372816875848,10269,3,1,0
"173",5250000,483270.752293578,0.394736842105263,5.25,0.258372816875848,8400,3,1,1
"174",5250000,483270.752293578,0.394736842105263,5.25,0.258372816875848,5300,4,2,0
"175",5250000,483270.752293578,0.394736842105263,5.25,0.258372816875848,3800,3,1,1
"176",5250000,483270.752293578,0.394736842105263,5.25,0.258372816875848,9800,4,2,0
"177",5250000,483270.752293578,0.394736842105263,5.25,0.258372816875848,8520,3,1,0
"178",5243000,476270.752293578,0.394210526315789,5.243,0.254630381171747,6050,3,1,1
"179",5229000,462270.752293578,0.393157894736842,5.229,0.247145509763547,7085,3,1,1
"180",5215000,448270.752293578,0.392105263157895,5.215,0.239660638355346,3180,3,2,0
"181",5215000,448270.752293578,0.392105263157895,5.215,0.239660638355346,4500,4,2,1
"182",5215000,448270.752293578,0.392105263157895,5.215,0.239660638355346,7200,3,1,1
"183",5145000,378270.752293578,0.386842105263158,5.145,0.202236281314342,3410,3,1,0
"184",5145000,378270.752293578,0.386842105263158,5.145,0.202236281314342,7980,3,1,0
"185",5110000,343270.752293578,0.384210526315789,5.11,0.18352410279384,3000,3,2,1
"186",5110000,343270.752293578,0.384210526315789,5.11,0.18352410279384,3000,3,1,1
"187",5110000,343270.752293578,0.384210526315789,5.11,0.18352410279384,11410,2,1,0
"188",5110000,343270.752293578,0.384210526315789,5.11,0.18352410279384,6100,3,1,1
"189",5075000,308270.752293578,0.381578947368421,5.075,0.164811924273338,5720,2,1,0
"190",5040000,273270.752293578,0.378947368421053,5.04,0.146099745752837,3540,2,1,1
"191",5040000,273270.752293578,0.378947368421053,5.04,0.146099745752837,7600,4,1,0
"192",5040000,273270.752293578,0.378947368421053,5.04,0.146099745752837,10700,3,1,1
"193",5040000,273270.752293578,0.378947368421053,5.04,0.146099745752837,6600,3,1,1
"194",5033000,266270.752293578,0.378421052631579,5.033,0.142357310048736,4800,2,1,1
"195",5005000,238270.752293578,0.376315789473684,5.005,0.127387567232335,8150,3,2,1
"196",4970000,203270.752293578,0.373684210526316,4.97,0.108675388711833,4410,4,3,1
"197",4970000,203270.752293578,0.373684210526316,4.97,0.108675388711833,7686,3,1,1
"198",4956000,189270.752293578,0.372631578947368,4.956,0.101190517303632,2800,3,2,1
"199",4935000,168270.752293578,0.371052631578947,4.935,0.089963210191331,5948,3,1,0
"200",4907000,140270.752293578,0.368947368421053,4.907,0.0749934673749295,4200,3,1,0
"201",4900000,133270.752293578,0.368421052631579,4.9,0.0712510316708291,4520,3,1,1
"202",4900000,133270.752293578,0.368421052631579,4.9,0.0712510316708291,4095,3,1,1
"203",4900000,133270.752293578,0.368421052631579,4.9,0.0712510316708291,4120,2,1,1
"204",4900000,133270.752293578,0.368421052631579,4.9,0.0712510316708291,5400,4,1,0
"205",4900000,133270.752293578,0.368421052631579,4.9,0.0712510316708291,4770,3,1,1
"206",4900000,133270.752293578,0.368421052631579,4.9,0.0712510316708291,6300,3,1,0
"207",4900000,133270.752293578,0.368421052631579,4.9,0.0712510316708291,5800,2,1,1
"208",4900000,133270.752293578,0.368421052631579,4.9,0.0712510316708291,3000,3,1,1
"209",4900000,133270.752293578,0.368421052631579,4.9,0.0712510316708291,2970,3,1,0
"210",4900000,133270.752293578,0.368421052631579,4.9,0.0712510316708291,6720,3,1,0
"211",4900000,133270.752293578,0.368421052631579,4.9,0.0712510316708291,4646,3,1,1
"212",4900000,133270.752293578,0.368421052631579,4.9,0.0712510316708291,12900,3,1,0
"213",4893000,126270.752293578,0.367894736842105,4.893,0.0675085959667288,3420,4,2,1
"214",4893000,126270.752293578,0.367894736842105,4.893,0.0675085959667288,4995,4,2,1
"215",4865000,98270.7522935783,0.365789473684211,4.865,0.0525388531503273,4350,2,1,1
"216",4830000,63270.7522935783,0.363157894736842,4.83,0.0338266746298254,4160,3,1,0
"217",4830000,63270.7522935783,0.363157894736842,4.83,0.0338266746298254,6040,3,1,0
"218",4830000,63270.7522935783,0.363157894736842,4.83,0.0338266746298254,6862,3,1,0
"219",4830000,63270.7522935783,0.363157894736842,4.83,0.0338266746298254,4815,2,1,0
"220",4795000,28270.7522935783,0.360526315789474,4.795,0.0151144961093236,7000,3,1,1
"221",4795000,28270.7522935783,0.360526315789474,4.795,0.0151144961093236,8100,4,1,1
"222",4767000,270.752293578349,0.358421052631579,4.767,0.000144753292922097,3420,4,2,0
"223",4760000,-6729.24770642165,0.357894736842105,4.76,-0.00359768241117827,9166,2,1,1
"224",4760000,-6729.24770642165,0.357894736842105,4.76,-0.00359768241117827,6321,3,1,1
"225",4760000,-6729.24770642165,0.357894736842105,4.76,-0.00359768241117827,10240,2,1,0
"226",4753000,-13729.2477064217,0.357368421052632,4.753,-0.00734011811527864,6440,2,1,0
"227",4690000,-76729.2477064217,0.352631578947368,4.69,-0.041022039452182,5170,3,1,0
"228",4690000,-76729.2477064217,0.352631578947368,4.69,-0.041022039452182,6000,2,1,1
"229",4690000,-76729.2477064217,0.352631578947368,4.69,-0.041022039452182,3630,3,1,0
"230",4690000,-76729.2477064217,0.352631578947368,4.69,-0.041022039452182,9667,4,2,1
"231",4690000,-76729.2477064217,0.352631578947368,4.69,-0.041022039452182,5400,2,1,0
"232",4690000,-76729.2477064217,0.352631578947368,4.69,-0.041022039452182,4320,3,1,0
"233",4655000,-111729.247706422,0.35,4.655,-0.0597342179726838,3745,3,1,1
"234",4620000,-146729.247706422,0.347368421052632,4.62,-0.0784463964931857,4160,3,1,1
"235",4620000,-146729.247706422,0.347368421052632,4.62,-0.0784463964931857,3880,3,2,1
"236",4620000,-146729.247706422,0.347368421052632,4.62,-0.0784463964931857,5680,3,1,0
"237",4620000,-146729.247706422,0.347368421052632,4.62,-0.0784463964931857,2870,2,1,1
"238",4620000,-146729.247706422,0.347368421052632,4.62,-0.0784463964931857,5010,3,1,1
"239",4613000,-153729.247706422,0.346842105263158,4.613,-0.0821888321972861,4510,4,2,1
"240",4585000,-181729.247706422,0.344736842105263,4.585,-0.0971585750136875,4000,3,1,0
"241",4585000,-181729.247706422,0.344736842105263,4.585,-0.0971585750136875,3840,3,1,0
"242",4550000,-216729.247706422,0.342105263157895,4.55,-0.115870753534189,3760,3,1,0
"243",4550000,-216729.247706422,0.342105263157895,4.55,-0.115870753534189,3640,3,1,0
"244",4550000,-216729.247706422,0.342105263157895,4.55,-0.115870753534189,2550,3,1,1
"245",4550000,-216729.247706422,0.342105263157895,4.55,-0.115870753534189,5320,3,1,1
"246",4550000,-216729.247706422,0.342105263157895,4.55,-0.115870753534189,5360,3,1,0
"247",4550000,-216729.247706422,0.342105263157895,4.55,-0.115870753534189,3520,3,1,0
"248",4550000,-216729.247706422,0.342105263157895,4.55,-0.115870753534189,8400,4,1,0
"249",4543000,-223729.247706422,0.341578947368421,4.543,-0.11961318923829,4100,2,2,1
"250",4543000,-223729.247706422,0.341578947368421,4.543,-0.11961318923829,4990,4,2,1
"251",4515000,-251729.247706422,0.339473684210526,4.515,-0.134582932054691,3510,3,1,0
"252",4515000,-251729.247706422,0.339473684210526,4.515,-0.134582932054691,3450,3,1,1
"253",4515000,-251729.247706422,0.339473684210526,4.515,-0.134582932054691,9860,3,1,0
"254",4515000,-251729.247706422,0.339473684210526,4.515,-0.134582932054691,3520,2,1,0
"255",4480000,-286729.247706422,0.336842105263158,4.48,-0.153295110575193,4510,4,1,0
"256",4480000,-286729.247706422,0.336842105263158,4.48,-0.153295110575193,5885,2,1,0
"257",4480000,-286729.247706422,0.336842105263158,4.48,-0.153295110575193,4000,3,1,0
"258",4480000,-286729.247706422,0.336842105263158,4.48,-0.153295110575193,8250,3,1,0
"259",4480000,-286729.247706422,0.336842105263158,4.48,-0.153295110575193,4040,3,1,0
"260",4473000,-293729.247706422,0.336315789473684,4.473,-0.157037546279293,6360,2,1,1
"261",4473000,-293729.247706422,0.336315789473684,4.473,-0.157037546279293,3162,3,1,0
"262",4473000,-293729.247706422,0.336315789473684,4.473,-0.157037546279293,3510,3,1,0
"263",4445000,-321729.247706422,0.334210526315789,4.445,-0.172007289095695,3750,2,1,1
"264",4410000,-356729.247706422,0.331578947368421,4.41,-0.190719467616197,3968,3,1,0
"265",4410000,-356729.247706422,0.331578947368421,4.41,-0.190719467616197,4900,2,1,1
"266",4403000,-363729.247706422,0.331052631578947,4.403,-0.194461903320297,2880,3,1,0
"267",4403000,-363729.247706422,0.331052631578947,4.403,-0.194461903320297,4880,3,1,0
"268",4403000,-363729.247706422,0.331052631578947,4.403,-0.194461903320297,4920,3,1,0
"269",4382000,-384729.247706422,0.329473684210526,4.382,-0.205689210432598,4950,4,1,0
"270",4375000,-391729.247706422,0.328947368421053,4.375,-0.209431646136699,3900,3,1,0
"271",4340000,-426729.247706422,0.326315789473684,4.34,-0.228143824657201,4500,3,2,0
"272",4340000,-426729.247706422,0.326315789473684,4.34,-0.228143824657201,1905,5,1,1
"273",4340000,-426729.247706422,0.326315789473684,4.34,-0.228143824657201,4075,3,1,1
"274",4340000,-426729.247706422,0.326315789473684,4.34,-0.228143824657201,3500,4,1,0
"275",4340000,-426729.247706422,0.326315789473684,4.34,-0.228143824657201,6450,4,1,0
"276",4319000,-447729.247706422,0.324736842105263,4.319,-0.239371131769502,4032,2,1,1
"277",4305000,-461729.247706422,0.323684210526316,4.305,-0.246856003177702,4400,2,1,0
"278",4305000,-461729.247706422,0.323684210526316,4.305,-0.246856003177702,10360,2,1,0
"279",4277000,-489729.247706422,0.321578947368421,4.277,-0.261825745994104,3400,3,1,1
"280",4270000,-496729.247706422,0.321052631578947,4.27,-0.265568181698204,6360,2,1,0
"281",4270000,-496729.247706422,0.321052631578947,4.27,-0.265568181698204,6360,2,1,0
"282",4270000,-496729.247706422,0.321052631578947,4.27,-0.265568181698204,4500,2,1,0
"283",4270000,-496729.247706422,0.321052631578947,4.27,-0.265568181698204,2175,3,1,1
"284",4270000,-496729.247706422,0.321052631578947,4.27,-0.265568181698204,4360,4,1,0
"285",4270000,-496729.247706422,0.321052631578947,4.27,-0.265568181698204,7770,2,1,0
"286",4235000,-531729.247706422,0.318421052631579,4.235,-0.284280360218706,6650,3,1,0
"287",4235000,-531729.247706422,0.318421052631579,4.235,-0.284280360218706,2787,3,1,1
"288",4200000,-566729.247706422,0.315789473684211,4.2,-0.302992538739208,5500,3,1,0
"289",4200000,-566729.247706422,0.315789473684211,4.2,-0.302992538739208,5040,3,1,1
"290",4200000,-566729.247706422,0.315789473684211,4.2,-0.302992538739208,5850,2,1,1
"291",4200000,-566729.247706422,0.315789473684211,4.2,-0.302992538739208,2610,4,3,0
"292",4200000,-566729.247706422,0.315789473684211,4.2,-0.302992538739208,2953,3,1,1
"293",4200000,-566729.247706422,0.315789473684211,4.2,-0.302992538739208,2747,4,2,0
"294",4200000,-566729.247706422,0.315789473684211,4.2,-0.302992538739208,4410,2,1,0
"295",4200000,-566729.247706422,0.315789473684211,4.2,-0.302992538739208,4000,4,2,0
"296",4200000,-566729.247706422,0.315789473684211,4.2,-0.302992538739208,2325,3,1,0
"297",4200000,-566729.247706422,0.315789473684211,4.2,-0.302992538739208,4600,3,2,0
"298",4200000,-566729.247706422,0.315789473684211,4.2,-0.302992538739208,3640,3,2,1
"299",4200000,-566729.247706422,0.315789473684211,4.2,-0.302992538739208,5800,3,1,0
"300",4200000,-566729.247706422,0.315789473684211,4.2,-0.302992538739208,7000,3,1,0
"301",4200000,-566729.247706422,0.315789473684211,4.2,-0.302992538739208,4079,3,1,0
"302",4200000,-566729.247706422,0.315789473684211,4.2,-0.302992538739208,3520,3,1,0
"303",4200000,-566729.247706422,0.315789473684211,4.2,-0.302992538739208,2145,3,1,0
"304",4200000,-566729.247706422,0.315789473684211,4.2,-0.302992538739208,4500,3,1,1
"305",4193000,-573729.247706422,0.315263157894737,4.193,-0.306734974443308,8250,3,1,1
"306",4193000,-573729.247706422,0.315263157894737,4.193,-0.306734974443308,3450,3,1,0
"307",4165000,-601729.247706422,0.313157894736842,4.165,-0.32170471725971,4840,3,1,0
"308",4165000,-601729.247706422,0.313157894736842,4.165,-0.32170471725971,4080,3,1,0
"309",4165000,-601729.247706422,0.313157894736842,4.165,-0.32170471725971,4046,3,1,1
"310",4130000,-636729.247706422,0.310526315789474,4.13,-0.340416895780212,4632,4,1,0
"311",4130000,-636729.247706422,0.310526315789474,4.13,-0.340416895780212,5985,3,1,1
"312",4123000,-643729.247706422,0.31,4.123,-0.344159331484312,6060,2,1,1
"313",4098500,-668229.247706422,0.308157894736842,4.0985,-0.357257856448663,3600,3,1,1
"314",4095000,-671729.247706422,0.307894736842105,4.095,-0.359129074300714,3680,3,2,0
"315",4095000,-671729.247706422,0.307894736842105,4.095,-0.359129074300714,4040,2,1,0
"316",4095000,-671729.247706422,0.307894736842105,4.095,-0.359129074300714,5600,2,1,0
"317",4060000,-706729.247706422,0.305263157894737,4.06,-0.377841252821215,5900,4,2,1
"318",4060000,-706729.247706422,0.305263157894737,4.06,-0.377841252821215,4992,3,2,0
"319",4060000,-706729.247706422,0.305263157894737,4.06,-0.377841252821215,4340,3,1,0
"320",4060000,-706729.247706422,0.305263157894737,4.06,-0.377841252821215,3000,4,1,1
"321",4060000,-706729.247706422,0.305263157894737,4.06,-0.377841252821215,4320,3,1,0
"322",4025000,-741729.247706422,0.302631578947368,4.025,-0.396553431341717,3630,3,2,0
"323",4025000,-741729.247706422,0.302631578947368,4.025,-0.396553431341717,3460,3,2,1
"324",4025000,-741729.247706422,0.302631578947368,4.025,-0.396553431341717,5400,3,1,0
"325",4007500,-759229.247706422,0.301315789473684,4.0075,-0.405909520601968,4500,3,1,1
"326",4007500,-759229.247706422,0.301315789473684,4.0075,-0.405909520601968,3460,4,1,0
"327",3990000,-776729.247706422,0.3,3.99,-0.415265609862219,4100,4,1,1
"328",3990000,-776729.247706422,0.3,3.99,-0.415265609862219,6480,3,1,0
"329",3990000,-776729.247706422,0.3,3.99,-0.415265609862219,4500,3,2,1
"330",3990000,-776729.247706422,0.3,3.99,-0.415265609862219,3960,3,1,0
"331",3990000,-776729.247706422,0.3,3.99,-0.415265609862219,4050,2,1,1
"332",3920000,-846729.247706422,0.294736842105263,3.92,-0.452689966903223,7260,3,2,1
"333",3920000,-846729.247706422,0.294736842105263,3.92,-0.452689966903223,5500,4,1,1
"334",3920000,-846729.247706422,0.294736842105263,3.92,-0.452689966903223,3000,3,1,0
"335",3920000,-846729.247706422,0.294736842105263,3.92,-0.452689966903223,3290,2,1,0
"336",3920000,-846729.247706422,0.294736842105263,3.92,-0.452689966903223,3816,2,1,1
"337",3920000,-846729.247706422,0.294736842105263,3.92,-0.452689966903223,8080,3,1,0
"338",3920000,-846729.247706422,0.294736842105263,3.92,-0.452689966903223,2145,4,2,1
"339",3885000,-881729.247706422,0.292105263157895,3.885,-0.471402145423725,3780,2,1,1
"340",3885000,-881729.247706422,0.292105263157895,3.885,-0.471402145423725,3180,4,2,0
"341",3850000,-916729.247706422,0.289473684210526,3.85,-0.490114323944226,5300,5,2,0
"342",3850000,-916729.247706422,0.289473684210526,3.85,-0.490114323944226,3180,2,2,1
"343",3850000,-916729.247706422,0.289473684210526,3.85,-0.490114323944226,7152,3,1,0
"344",3850000,-916729.247706422,0.289473684210526,3.85,-0.490114323944226,4080,2,1,0
"345",3850000,-916729.247706422,0.289473684210526,3.85,-0.490114323944226,3850,2,1,0
"346",3850000,-916729.247706422,0.289473684210526,3.85,-0.490114323944226,2015,3,1,1
"347",3850000,-916729.247706422,0.289473684210526,3.85,-0.490114323944226,2176,2,1,0
"348",3836000,-930729.247706422,0.288421052631579,3.836,-0.497599195352427,3350,3,1,0
"349",3815000,-951729.247706422,0.286842105263158,3.815,-0.508826502464728,3150,2,2,1
"350",3780000,-986729.247706422,0.284210526315789,3.78,-0.52753868098523,4820,3,1,0
"351",3780000,-986729.247706422,0.284210526315789,3.78,-0.52753868098523,3420,2,1,0
"352",3780000,-986729.247706422,0.284210526315789,3.78,-0.52753868098523,3600,2,1,0
"353",3780000,-986729.247706422,0.284210526315789,3.78,-0.52753868098523,5830,2,1,0
"354",3780000,-986729.247706422,0.284210526315789,3.78,-0.52753868098523,2856,3,1,0
"355",3780000,-986729.247706422,0.284210526315789,3.78,-0.52753868098523,8400,2,1,0
"356",3773000,-993729.247706422,0.283684210526316,3.773,-0.531281116689331,8250,3,1,0
"357",3773000,-993729.247706422,0.283684210526316,3.773,-0.531281116689331,2520,5,2,1
"358",3773000,-993729.247706422,0.283684210526316,3.773,-0.531281116689331,6930,4,1,0
"359",3745000,-1021729.24770642,0.281578947368421,3.745,-0.546250859505732,3480,2,1,0
"360",3710000,-1056729.24770642,0.278947368421053,3.71,-0.564963038026234,3600,3,1,0
"361",3710000,-1056729.24770642,0.278947368421053,3.71,-0.564963038026234,4040,2,1,0
"362",3710000,-1056729.24770642,0.278947368421053,3.71,-0.564963038026234,6020,3,1,0
"363",3710000,-1056729.24770642,0.278947368421053,3.71,-0.564963038026234,4050,2,1,0
"364",3710000,-1056729.24770642,0.278947368421053,3.71,-0.564963038026234,3584,2,1,0
"365",3703000,-1063729.24770642,0.278421052631579,3.703,-0.568705473730334,3120,3,1,1
"366",3703000,-1063729.24770642,0.278421052631579,3.703,-0.568705473730334,5450,2,1,0
"367",3675000,-1091729.24770642,0.276315789473684,3.675,-0.583675216546736,3630,2,1,1
"368",3675000,-1091729.24770642,0.276315789473684,3.675,-0.583675216546736,3630,2,1,0
"369",3675000,-1091729.24770642,0.276315789473684,3.675,-0.583675216546736,5640,2,1,0
"370",3675000,-1091729.24770642,0.276315789473684,3.675,-0.583675216546736,3600,2,1,0
"371",3640000,-1126729.24770642,0.273684210526316,3.64,-0.602387395067238,4280,2,1,0
"372",3640000,-1126729.24770642,0.273684210526316,3.64,-0.602387395067238,3570,3,1,1
"373",3640000,-1126729.24770642,0.273684210526316,3.64,-0.602387395067238,3180,3,1,1
"374",3640000,-1126729.24770642,0.273684210526316,3.64,-0.602387395067238,3000,2,1,0
"375",3640000,-1126729.24770642,0.273684210526316,3.64,-0.602387395067238,3520,2,2,1
"376",3640000,-1126729.24770642,0.273684210526316,3.64,-0.602387395067238,5960,3,1,1
"377",3640000,-1126729.24770642,0.273684210526316,3.64,-0.602387395067238,4130,3,2,0
"378",3640000,-1126729.24770642,0.273684210526316,3.64,-0.602387395067238,2850,3,2,1
"379",3640000,-1126729.24770642,0.273684210526316,3.64,-0.602387395067238,2275,3,1,0
"380",3633000,-1133729.24770642,0.273157894736842,3.633,-0.606129830771338,3520,3,1,0
"381",3605000,-1161729.24770642,0.271052631578947,3.605,-0.621099573587739,4500,2,1,0
"382",3605000,-1161729.24770642,0.271052631578947,3.605,-0.621099573587739,4000,2,1,0
"383",3570000,-1196729.24770642,0.268421052631579,3.57,-0.639811752108241,3150,3,1,1
"384",3570000,-1196729.24770642,0.268421052631579,3.57,-0.639811752108241,4500,4,2,1
"385",3570000,-1196729.24770642,0.268421052631579,3.57,-0.639811752108241,4500,2,1,0
"386",3570000,-1196729.24770642,0.268421052631579,3.57,-0.639811752108241,3640,2,1,0
"387",3535000,-1231729.24770642,0.265789473684211,3.535,-0.658523930628743,3850,3,1,0
"388",3500000,-1266729.24770642,0.263157894736842,3.5,-0.677236109149245,4240,3,1,0
"389",3500000,-1266729.24770642,0.263157894736842,3.5,-0.677236109149245,3650,3,1,0
"390",3500000,-1266729.24770642,0.263157894736842,3.5,-0.677236109149245,4600,4,1,0
"391",3500000,-1266729.24770642,0.263157894736842,3.5,-0.677236109149245,2135,3,2,0
"392",3500000,-1266729.24770642,0.263157894736842,3.5,-0.677236109149245,3036,3,1,1
"393",3500000,-1266729.24770642,0.263157894736842,3.5,-0.677236109149245,3990,3,1,0
"394",3500000,-1266729.24770642,0.263157894736842,3.5,-0.677236109149245,7424,3,1,0
"395",3500000,-1266729.24770642,0.263157894736842,3.5,-0.677236109149245,3480,3,1,0
"396",3500000,-1266729.24770642,0.263157894736842,3.5,-0.677236109149245,3600,6,1,0
"397",3500000,-1266729.24770642,0.263157894736842,3.5,-0.677236109149245,3640,2,1,0
"398",3500000,-1266729.24770642,0.263157894736842,3.5,-0.677236109149245,5900,2,1,0
"399",3500000,-1266729.24770642,0.263157894736842,3.5,-0.677236109149245,3120,3,1,0
"400",3500000,-1266729.24770642,0.263157894736842,3.5,-0.677236109149245,7350,2,1,0
"401",3500000,-1266729.24770642,0.263157894736842,3.5,-0.677236109149245,3512,2,1,0
"402",3500000,-1266729.24770642,0.263157894736842,3.5,-0.677236109149245,9500,3,1,0
"403",3500000,-1266729.24770642,0.263157894736842,3.5,-0.677236109149245,5880,2,1,0
"404",3500000,-1266729.24770642,0.263157894736842,3.5,-0.677236109149245,12944,3,1,0
"405",3493000,-1273729.24770642,0.262631578947368,3.493,-0.680978544853345,4900,3,1,0
"406",3465000,-1301729.24770642,0.260526315789474,3.465,-0.695948287669747,3060,3,1,0
"407",3465000,-1301729.24770642,0.260526315789474,3.465,-0.695948287669747,5320,2,1,0
"408",3465000,-1301729.24770642,0.260526315789474,3.465,-0.695948287669747,2145,3,1,0
"409",3430000,-1336729.24770642,0.257894736842105,3.43,-0.714660466190249,4000,2,1,0
"410",3430000,-1336729.24770642,0.257894736842105,3.43,-0.714660466190249,3185,2,1,0
"411",3430000,-1336729.24770642,0.257894736842105,3.43,-0.714660466190249,3850,3,1,0
"412",3430000,-1336729.24770642,0.257894736842105,3.43,-0.714660466190249,2145,3,1,0
"413",3430000,-1336729.24770642,0.257894736842105,3.43,-0.714660466190249,2610,3,1,1
"414",3430000,-1336729.24770642,0.257894736842105,3.43,-0.714660466190249,1950,3,2,1
"415",3423000,-1343729.24770642,0.257368421052632,3.423,-0.718402901894349,4040,2,1,0
"416",3395000,-1371729.24770642,0.255263157894737,3.395,-0.733372644710751,4785,3,1,1
"417",3395000,-1371729.24770642,0.255263157894737,3.395,-0.733372644710751,3450,3,1,1
"418",3395000,-1371729.24770642,0.255263157894737,3.395,-0.733372644710751,3640,2,1,0
"419",3360000,-1406729.24770642,0.252631578947368,3.36,-0.752084823231252,3500,4,1,0
"420",3360000,-1406729.24770642,0.252631578947368,3.36,-0.752084823231252,4960,4,1,0
"421",3360000,-1406729.24770642,0.252631578947368,3.36,-0.752084823231252,4120,2,1,0
"422",3360000,-1406729.24770642,0.252631578947368,3.36,-0.752084823231252,4750,2,1,0
"423",3360000,-1406729.24770642,0.252631578947368,3.36,-0.752084823231252,3720,2,1,0
"424",3360000,-1406729.24770642,0.252631578947368,3.36,-0.752084823231252,3750,3,1,0
"425",3360000,-1406729.24770642,0.252631578947368,3.36,-0.752084823231252,3100,3,1,1
"426",3360000,-1406729.24770642,0.252631578947368,3.36,-0.752084823231252,3185,2,1,1
"427",3353000,-1413729.24770642,0.252105263157895,3.353,-0.755827258935353,2700,3,1,0
"428",3332000,-1434729.24770642,0.250526315789474,3.332,-0.767054566047654,2145,3,1,1
"429",3325000,-1441729.24770642,0.25,3.325,-0.770797001751754,4040,2,1,0
"430",3325000,-1441729.24770642,0.25,3.325,-0.770797001751754,4775,4,1,0
"431",3290000,-1476729.24770642,0.247368421052632,3.29,-0.789509180272256,2500,2,1,0
"432",3290000,-1476729.24770642,0.247368421052632,3.29,-0.789509180272256,3180,4,1,1
"433",3290000,-1476729.24770642,0.247368421052632,3.29,-0.789509180272256,6060,3,1,1
"434",3290000,-1476729.24770642,0.247368421052632,3.29,-0.789509180272256,3480,4,1,0
"435",3290000,-1476729.24770642,0.247368421052632,3.29,-0.789509180272256,3792,4,1,0
"436",3290000,-1476729.24770642,0.247368421052632,3.29,-0.789509180272256,4040,2,1,0
"437",3290000,-1476729.24770642,0.247368421052632,3.29,-0.789509180272256,2145,3,1,1
"438",3290000,-1476729.24770642,0.247368421052632,3.29,-0.789509180272256,5880,3,1,0
"439",3255000,-1511729.24770642,0.244736842105263,3.255,-0.808221358792758,4500,2,1,0
"440",3255000,-1511729.24770642,0.244736842105263,3.255,-0.808221358792758,3930,2,1,0
"441",3234000,-1532729.24770642,0.243157894736842,3.234,-0.819448665905059,3640,4,1,1
"442",3220000,-1546729.24770642,0.242105263157895,3.22,-0.82693353731326,4370,3,1,0
"443",3220000,-1546729.24770642,0.242105263157895,3.22,-0.82693353731326,2684,2,1,0
"444",3220000,-1546729.24770642,0.242105263157895,3.22,-0.82693353731326,4320,3,1,0
"445",3220000,-1546729.24770642,0.242105263157895,3.22,-0.82693353731326,3120,3,1,0
"446",3150000,-1616729.24770642,0.236842105263158,3.15,-0.864357894354264,3450,1,1,0
"447",3150000,-1616729.24770642,0.236842105263158,3.15,-0.864357894354264,3986,2,2,1
"448",3150000,-1616729.24770642,0.236842105263158,3.15,-0.864357894354264,3500,2,1,1
"449",3150000,-1616729.24770642,0.236842105263158,3.15,-0.864357894354264,4095,2,1,0
"450",3150000,-1616729.24770642,0.236842105263158,3.15,-0.864357894354264,1650,3,1,1
"451",3150000,-1616729.24770642,0.236842105263158,3.15,-0.864357894354264,3450,3,1,1
"452",3150000,-1616729.24770642,0.236842105263158,3.15,-0.864357894354264,6750,2,1,0
"453",3150000,-1616729.24770642,0.236842105263158,3.15,-0.864357894354264,9000,3,1,0
"454",3150000,-1616729.24770642,0.236842105263158,3.15,-0.864357894354264,3069,2,1,0
"455",3143000,-1623729.24770642,0.236315789473684,3.143,-0.868100330058364,4500,3,1,0
"456",3129000,-1637729.24770642,0.235263157894737,3.129,-0.875585201466565,5495,3,1,1
"457",3118850,-1647879.24770642,0.2345,3.11885,-0.88101173323751,2398,3,1,0
"458",3115000,-1651729.24770642,0.234210526315789,3.115,-0.883070072874765,3000,3,1,0
"459",3115000,-1651729.24770642,0.234210526315789,3.115,-0.883070072874765,3850,3,1,0
"460",3115000,-1651729.24770642,0.234210526315789,3.115,-0.883070072874765,3500,2,1,0
"461",3087000,-1679729.24770642,0.232105263157895,3.087,-0.898039815691167,8100,2,1,0
"462",3080000,-1686729.24770642,0.231578947368421,3.08,-0.901782251395267,4960,2,1,1
"463",3080000,-1686729.24770642,0.231578947368421,3.08,-0.901782251395267,2160,3,1,1
"464",3080000,-1686729.24770642,0.231578947368421,3.08,-0.901782251395267,3090,2,1,1
"465",3080000,-1686729.24770642,0.231578947368421,3.08,-0.901782251395267,4500,2,1,0
"466",3045000,-1721729.24770642,0.228947368421053,3.045,-0.920494429915769,3800,2,1,0
"467",3010000,-1756729.24770642,0.226315789473684,3.01,-0.939206608436271,3090,3,1,0
"468",3010000,-1756729.24770642,0.226315789473684,3.01,-0.939206608436271,3240,3,1,0
"469",3010000,-1756729.24770642,0.226315789473684,3.01,-0.939206608436271,2835,2,1,0
"470",3010000,-1756729.24770642,0.226315789473684,3.01,-0.939206608436271,4600,2,1,0
"471",3010000,-1756729.24770642,0.226315789473684,3.01,-0.939206608436271,5076,3,1,0
"472",3010000,-1756729.24770642,0.226315789473684,3.01,-0.939206608436271,3750,3,1,0
"473",3010000,-1756729.24770642,0.226315789473684,3.01,-0.939206608436271,3630,4,1,0
"474",3003000,-1763729.24770642,0.225789473684211,3.003,-0.942949044140371,8050,2,1,0
"475",2975000,-1791729.24770642,0.223684210526316,2.975,-0.957918786956773,4352,4,1,0
"476",2961000,-1805729.24770642,0.222631578947368,2.961,-0.965403658364974,3000,2,1,0
"477",2940000,-1826729.24770642,0.221052631578947,2.94,-0.976630965477275,5850,3,1,1
"478",2940000,-1826729.24770642,0.221052631578947,2.94,-0.976630965477275,4960,2,1,0
"479",2940000,-1826729.24770642,0.221052631578947,2.94,-0.976630965477275,3600,3,1,0
"480",2940000,-1826729.24770642,0.221052631578947,2.94,-0.976630965477275,3660,4,1,0
"481",2940000,-1826729.24770642,0.221052631578947,2.94,-0.976630965477275,3480,3,1,0
"482",2940000,-1826729.24770642,0.221052631578947,2.94,-0.976630965477275,2700,2,1,0
"483",2940000,-1826729.24770642,0.221052631578947,2.94,-0.976630965477275,3150,3,1,0
"484",2940000,-1826729.24770642,0.221052631578947,2.94,-0.976630965477275,6615,3,1,0
"485",2870000,-1896729.24770642,0.215789473684211,2.87,-1.01405532251828,3040,2,1,0
"486",2870000,-1896729.24770642,0.215789473684211,2.87,-1.01405532251828,3630,2,1,0
"487",2870000,-1896729.24770642,0.215789473684211,2.87,-1.01405532251828,6000,2,1,0
"488",2870000,-1896729.24770642,0.215789473684211,2.87,-1.01405532251828,5400,4,1,0
"489",2852500,-1914229.24770642,0.214473684210526,2.8525,-1.02341141177853,5200,4,1,0
"490",2835000,-1931729.24770642,0.213157894736842,2.835,-1.03276750103878,3300,3,1,0
"491",2835000,-1931729.24770642,0.213157894736842,2.835,-1.03276750103878,4350,3,1,0
"492",2835000,-1931729.24770642,0.213157894736842,2.835,-1.03276750103878,2640,2,1,0
"493",2800000,-1966729.24770642,0.210526315789474,2.8,-1.05147967955928,2650,3,1,1
"494",2800000,-1966729.24770642,0.210526315789474,2.8,-1.05147967955928,3960,3,1,0
"495",2730000,-2036729.24770642,0.205263157894737,2.73,-1.08890403660029,6800,2,1,0
"496",2730000,-2036729.24770642,0.205263157894737,2.73,-1.08890403660029,4000,3,1,0
"497",2695000,-2071729.24770642,0.202631578947368,2.695,-1.10761621512079,4000,2,1,0
"498",2660000,-2106729.24770642,0.2,2.66,-1.12632839364129,3934,2,1,0
"499",2660000,-2106729.24770642,0.2,2.66,-1.12632839364129,2000,2,1,0
"500",2660000,-2106729.24770642,0.2,2.66,-1.12632839364129,3630,3,3,0
"501",2660000,-2106729.24770642,0.2,2.66,-1.12632839364129,2800,3,1,0
"502",2660000,-2106729.24770642,0.2,2.66,-1.12632839364129,2430,3,1,0
"503",2660000,-2106729.24770642,0.2,2.66,-1.12632839364129,3480,2,1,0
"504",2660000,-2106729.24770642,0.2,2.66,-1.12632839364129,4000,3,1,0
"505",2653000,-2113729.24770642,0.199473684210526,2.653,-1.13007082934539,3185,2,1,0
"506",2653000,-2113729.24770642,0.199473684210526,2.653,-1.13007082934539,4000,3,1,0
"507",2604000,-2162729.24770642,0.195789473684211,2.604,-1.15626787927409,2910,2,1,0
"508",2590000,-2176729.24770642,0.194736842105263,2.59,-1.16375275068229,3600,2,1,0
"509",2590000,-2176729.24770642,0.194736842105263,2.59,-1.16375275068229,4400,2,1,0
"510",2590000,-2176729.24770642,0.194736842105263,2.59,-1.16375275068229,3600,2,2,1
"511",2520000,-2246729.24770642,0.189473684210526,2.52,-1.2011771077233,2880,3,1,0
"512",2520000,-2246729.24770642,0.189473684210526,2.52,-1.2011771077233,3180,3,1,0
"513",2520000,-2246729.24770642,0.189473684210526,2.52,-1.2011771077233,3000,2,1,0
"514",2485000,-2281729.24770642,0.186842105263158,2.485,-1.2198892862438,4400,3,1,0
"515",2485000,-2281729.24770642,0.186842105263158,2.485,-1.2198892862438,3000,3,1,0
"516",2450000,-2316729.24770642,0.184210526315789,2.45,-1.2386014647643,3210,3,1,1
"517",2450000,-2316729.24770642,0.184210526315789,2.45,-1.2386014647643,3240,2,1,0
"518",2450000,-2316729.24770642,0.184210526315789,2.45,-1.2386014647643,3000,2,1,0
"519",2450000,-2316729.24770642,0.184210526315789,2.45,-1.2386014647643,3500,2,1,0
"520",2450000,-2316729.24770642,0.184210526315789,2.45,-1.2386014647643,4840,2,1,0
"521",2450000,-2316729.24770642,0.184210526315789,2.45,-1.2386014647643,7700,2,1,0
"522",2408000,-2358729.24770642,0.181052631578947,2.408,-1.2610560789889,3635,2,1,0
"523",2380000,-2386729.24770642,0.178947368421053,2.38,-1.2760258218053,2475,3,1,0
"524",2380000,-2386729.24770642,0.178947368421053,2.38,-1.2760258218053,2787,4,2,0
"525",2380000,-2386729.24770642,0.178947368421053,2.38,-1.2760258218053,3264,2,1,0
"526",2345000,-2421729.24770642,0.176315789473684,2.345,-1.29473800032581,3640,2,1,0
"527",2310000,-2456729.24770642,0.173684210526316,2.31,-1.31345017884631,3180,2,1,0
"528",2275000,-2491729.24770642,0.171052631578947,2.275,-1.33216235736681,1836,2,1,1
"529",2275000,-2491729.24770642,0.171052631578947,2.275,-1.33216235736681,3970,1,1,0
"530",2275000,-2491729.24770642,0.171052631578947,2.275,-1.33216235736681,3970,3,1,1
"531",2240000,-2526729.24770642,0.168421052631579,2.24,-1.35087453588731,1950,3,1,0
"532",2233000,-2533729.24770642,0.167894736842105,2.233,-1.35461697159141,5300,3,1,0
"533",2135000,-2631729.24770642,0.160526315789474,2.135,-1.40701107144882,3000,2,1,0
"534",2100000,-2666729.24770642,0.157894736842105,2.1,-1.42572324996932,2400,3,1,0
"535",2100000,-2666729.24770642,0.157894736842105,2.1,-1.42572324996932,3000,4,1,0
"536",2100000,-2666729.24770642,0.157894736842105,2.1,-1.42572324996932,3360,2,1,0
"537",1960000,-2806729.24770642,0.147368421052632,1.96,-1.50057196405133,3420,5,1,0
"538",1890000,-2876729.24770642,0.142105263157895,1.89,-1.53799632109233,1700,3,1,0
"539",1890000,-2876729.24770642,0.142105263157895,1.89,-1.53799632109233,3649,2,1,0
"540",1855000,-2911729.24770642,0.139473684210526,1.855,-1.55670849961283,2990,2,1,0
"541",1820000,-2946729.24770642,0.136842105263158,1.82,-1.57542067813333,3000,2,1,1
"542",1767150,-2999579.24770642,0.132868421052632,1.76715,-1.60367606769929,2400,3,1,0
"543",1750000,-3016729.24770642,0.131578947368421,1.75,-1.61284503517434,3620,2,1,0
"544",1750000,-3016729.24770642,0.131578947368421,1.75,-1.61284503517434,2910,3,1,0
"545",1750000,-3016729.24770642,0.131578947368421,1.75,-1.61284503517434,3850,3,1,0
