id,category,mfcc1,mfcc2,mfcc3,mfcc4,mfcc5,mfcc6,mfcc7,mfcc8,mfcc9,mfcc10,mfcc11,mfcc12,mfcc13
00001,Ege,-480.4638671875,94.82632446289062,4.993729591369629,5.467080116271973,-1.9964053630828857,-4.191154956817627,-7.0510406494140625,0.7094660401344299,1.5660758018493652,-4.992347240447998,-6.645961761474609,-5.029585838317871,-6.015739917755127
00003,Ege,-367.2698974609375,176.82041931152344,-12.449102401733398,17.498559951782227,9.50027847290039,8.584311485290527,-23.045446395874023,-6.279399871826172,0.4725191295146942,-10.07082748413086,-9.624195098876953,-6.882839679718018,-13.78409481048584
00004,Ege,-370.372802734375,186.13890075683594,6.873674392700195,10.798832893371582,5.227393627166748,0.2572706639766693,-27.402427673339844,-4.922781467437744,6.681649208068848,-9.318603515625,-12.450200080871582,-5.676980972290039,-14.585617065429688
00005,Ege,-410.4024963378906,152.3844451904297,-6.212684631347656,24.73461151123047,3.8042776584625244,11.721783638000488,-20.613040924072266,-5.526508331298828,-1.0337588787078857,-11.37904167175293,-7.8406524658203125,-6.057882308959961,-11.651471138000488
00010,Ege,-380.7154846191406,165.06881713867188,2.3390190601348877,24.72319221496582,7.366626262664795,-1.349159598350525,-19.08159828186035,-5.701153755187988,-2.6731631755828857,-16.010066986083984,-16.243558883666992,-3.998385429382324,-10.587311744689941
00011,Ege,-397.803955078125,165.74807739257812,-6.225961685180664,10.628961563110352,-3.070237398147583,-9.020777702331543,-24.30862045288086,-6.86818790435791,-0.571392297744751,-7.548348426818848,-11.873639106750488,-8.972493171691895,-8.99445915222168
00012,Ege,-346.0801086425781,131.6060791015625,-19.067840576171875,17.296472549438477,14.47540283203125,0.3061935603618622,-12.301155090332031,-7.5163893699646,-3.1969058513641357,-5.639185428619385,-9.534473419189453,-7.983278274536133,-11.41877555847168
00013,Ege,-398.79412841796875,150.12400817871094,-9.418664932250977,18.004148483276367,11.606310844421387,0.4902705252170563,-20.871789932250977,-14.184897422790527,0.4885748326778412,-4.136242389678955,-11.093779563903809,-6.076035976409912,-11.671341896057129
00014,Ege,-406.68621826171875,140.74398803710938,15.897972106933594,24.09395408630371,16.30265998840332,4.667932987213135,-10.999696731567383,-10.320032119750977,1.2623460292816162,-5.560842514038086,-11.89380931854248,-5.692469596862793,-17.051671981811523
00017,Ege,-348.6247253417969,179.66830444335938,-2.275808095932007,4.274055480957031,17.98955726623535,4.645850658416748,-32.9348258972168,-12.39520263671875,5.19212532043457,-8.993568420410156,-11.199674606323242,-3.5597429275512695,-17.673309326171875
00019,Ege,-404.9956359863281,136.926025390625,0.7958387136459351,13.445099830627441,17.843000411987305,4.157055377960205,-21.7382869720459,-8.779118537902832,4.457769870758057,-5.1138596534729,-11.893477439880371,-7.018186569213867,-16.46854591369629
00020,Ege,-393.16656494140625,129.0335235595703,-1.909776210784912,11.243489265441895,25.264657974243164,13.77456283569336,-24.64569854736328,-17.378995895385742,0.9474954009056091,-4.33333158493042,-5.931023120880127,-4.703871726989746,-20.001916885375977
00021,Ege,-371.9936218261719,175.74749755859375,7.575379848480225,6.970513343811035,14.038578033447266,6.992784023284912,-21.53243064880371,-9.847580909729004,8.46884822845459,-7.273240089416504,-18.46617317199707,-6.845648765563965,-13.985309600830078
00022,Ege,-376.4236755371094,128.40411376953125,-6.127315521240234,-6.780947208404541,-1.7359073162078857,-4.835094928741455,-17.397676467895508,-1.0720158815383911,3.1167216300964355,-1.978458046913147,-5.75749397277832,-5.312600612640381,-9.163117408752441
00023,Ege,-417.6146240234375,129.6563262939453,0.334277868270874,12.679481506347656,3.5070343017578125,1.3121569156646729,-18.597461700439453,-9.368118286132812,5.474716663360596,2.432950496673584,-5.053228855133057,-4.182629108428955,-10.319524765014648
00024,Ege,-387.9865417480469,176.95423889160156,8.50280475616455,10.467584609985352,6.225386619567871,8.570958137512207,-20.469696044921875,-11.226895332336426,2.749589443206787,-8.139525413513184,-15.716279029846191,-2.974663019180298,-11.832651138305664
00025,Ege,-368.6613464355469,156.6594696044922,-1.3974825143814087,17.394609451293945,8.776592254638672,9.915301322937012,-19.990217208862305,-8.18422794342041,2.8800530433654785,-3.8914318084716797,-5.891398906707764,-6.956960201263428,-19.80204200744629
00026,Ege,-409.1952209472656,155.80116271972656,5.875319004058838,-0.4766196310520172,-6.164205551147461,-1.255287766456604,-24.70616340637207,-8.18142032623291,1.4427968263626099,0.467826783657074,-3.5202229022979736,-8.892069816589355,-8.730080604553223
00027,Ege,-416.2220458984375,155.17115783691406,-1.4333164691925049,15.485311508178711,7.093674182891846,5.641448497772217,-25.324792861938477,-12.65714168548584,1.1167716979980469,-1.216172218322754,-6.928781032562256,-10.220257759094238,-17.654233932495117
00029,Ege,-370.515625,137.087158203125,0.8965198993682861,3.4012773036956787,9.329327583312988,1.5617270469665527,-21.678800582885742,-11.549788475036621,2.3723504543304443,-2.495084524154663,-6.414515495300293,-4.756095886230469,-16.496564865112305
00030,Ege,-362.71038818359375,123.21508026123047,7.9862284660339355,11.025132179260254,3.492868423461914,3.7602899074554443,-11.514906883239746,-6.698832035064697,-1.147124171257019,-1.5063896179199219,-4.693206310272217,-7.09315824508667,-15.63885498046875
00031,Ege,-399.6254577636719,140.4522705078125,1.946759819984436,21.80008888244629,19.892148971557617,12.208151817321777,-22.369205474853516,-16.789966583251953,7.0763630867004395,7.786236763000488,-7.861709117889404,-7.780029296875,-17.771018981933594
00032,Ege,-393.0555725097656,150.75262451171875,-12.759142875671387,-13.17710018157959,5.908089637756348,0.619990885257721,-23.668554306030273,-2.701310157775879,-2.542769193649292,-8.471382141113281,-3.6956379413604736,-2.4575016498565674,-11.141897201538086
00033,Ege,-378.5169677734375,156.9083251953125,-5.3924689292907715,4.780834674835205,3.0238428115844727,0.4177253544330597,-20.577266693115234,-2.892984628677368,3.737651824951172,-4.9081549644470215,-8.889820098876953,-7.219177722930908,-11.28156852722168
00034,Ege,-384.5000915527344,133.23426818847656,-9.501078605651855,7.4682722091674805,7.843125820159912,-0.8765314817428589,-23.7556095123291,-6.485012054443359,-1.490918517112732,-5.449889183044434,-1.6908700466156006,-10.076196670532227,-15.989998817443848
00036,Ege,-415.2573547363281,132.62181091308594,-4.456798553466797,-0.4204299747943878,7.048342227935791,1.9941068887710571,-21.60576629638672,-4.948968410491943,-2.961793899536133,-8.328384399414062,-6.434632301330566,-8.863215446472168,-13.652482032775879
00037,Ege,-354.32257080078125,164.41580200195312,3.0699474811553955,2.9220361709594727,4.991372108459473,-2.364806652069092,-25.784231185913086,-6.983394145965576,1.346125841140747,-7.338996887207031,-8.997807502746582,-10.12510871887207,-17.657814025878906
00039,Ege,-377.4901428222656,132.9445037841797,15.63364028930664,7.818743705749512,7.896281719207764,3.9520034790039062,-13.157936096191406,-8.209334373474121,2.296177864074707,-0.15546689927577972,-7.224954128265381,-10.596010208129883,-18.002084732055664
00040,Ege,-357.766845703125,136.62176513671875,-13.391077995300293,20.81662940979004,14.798128128051758,9.688396453857422,-22.465633392333984,-3.697237014770508,-2.58284854888916,-3.213447093963623,-2.8753809928894043,-13.825944900512695,-15.621851921081543
00042,Ege,-397.0670471191406,110.98945617675781,-0.3397074043750763,6.0523881912231445,2.847503423690796,0.18538811802864075,-14.403587341308594,-4.284244537353516,2.2488417625427246,-2.1525354385375977,-3.9537413120269775,-7.199481010437012,-10.448735237121582
00043,Ege,-368.49151611328125,159.27207946777344,-9.831449508666992,7.7296037673950195,11.159296989440918,9.82724666595459,-23.30808448791504,-6.820501327514648,1.7093755006790161,-5.388425350189209,-7.323104381561279,-13.2387056350708,-17.189706802368164
00044,Ege,-381.93353271484375,133.03355407714844,1.1386394500732422,15.520149230957031,16.833986282348633,2.9663941860198975,-20.438007354736328,-9.546504020690918,0.35148751735687256,-6.980873107910156,-11.215167999267578,-10.597737312316895,-17.071455001831055
00045,Ege,-377.5755615234375,169.57997131347656,-3.0035154819488525,9.02284049987793,5.481713771820068,0.471426784992218,-25.06220817565918,-3.9211854934692383,2.913133144378662,-8.833261489868164,-7.295681953430176,-4.514312744140625,-12.668181419372559
00046,Ege,-405.53253173828125,170.61936950683594,11.876821517944336,13.381732940673828,4.218014240264893,0.24354781210422516,-21.983983993530273,-7.386844158172607,6.636628150939941,-2.8560245037078857,-11.74411678314209,-8.588044166564941,-11.80689525604248
00047,Ege,-351.669921875,128.6528778076172,2.4710841178894043,13.521402359008789,9.455890655517578,6.1624627113342285,-23.107114791870117,-5.548264503479004,0.6044982671737671,-7.390952110290527,-9.085535049438477,-13.347506523132324,-16.309968948364258
00049,Ege,-379.31781005859375,137.36793518066406,-1.138023853302002,17.299654006958008,24.081825256347656,10.314724922180176,-28.933300018310547,-8.089375495910645,4.604061603546143,-8.553035736083984,-12.391016006469727,-13.804032325744629,-19.817808151245117
00050,Ege,-445.2658996582031,128.71658325195312,6.42161226272583,2.8627326488494873,-1.9208920001983643,4.349771499633789,-18.64574432373047,1.534380555152893,0.0614573173224926,-5.76920747756958,-5.1679253578186035,-6.441502571105957,-6.539135456085205
00001,Jan,-426.8398132324219,96.35310363769531,9.057856559753418,13.43056869506836,-0.16170582175254822,-3.5976901054382324,-3.0099387168884277,5.688944339752197,-7.577284336090088,-2.640324115753174,-5.571788787841797,-9.249066352844238,1.1760506629943848
00002,Jan,-349.76220703125,121.30098724365234,25.23045539855957,10.362879753112793,-12.183456420898438,-14.970772743225098,-9.870841026306152,2.9059741497039795,0.8966922760009766,-3.345418691635132,-9.441542625427246,-9.675874710083008,-3.9879558086395264
00004,Jan,-360.1915588378906,132.76283264160156,11.907526016235352,24.04326057434082,1.7154731750488281,-3.222743272781372,-6.362121105194092,7.4136505126953125,-1.910079836845398,0.11581799387931824,-9.885515213012695,-15.614514350891113,-5.841767311096191
00007,Jan,-377.77294921875,139.10585021972656,4.8381123542785645,16.745344161987305,-1.4425115585327148,5.613486289978027,-7.12621545791626,3.0395054817199707,-8.178481101989746,-1.2261754274368286,-9.022272109985352,-13.242000579833984,-1.6549075841903687
00009,Jan,-371.5235595703125,150.5752716064453,20.776432037353516,16.47418975830078,-2.1435961723327637,-2.6168622970581055,-9.778535842895508,3.5917627811431885,-2.8618509769439697,-1.5979136228561401,-7.051731109619141,-15.55383586883545,-6.215813159942627
00010,Jan,-398.5070495605469,116.97254180908203,3.4050400257110596,17.021236419677734,-3.8950629234313965,0.7381106019020081,-4.153215408325195,3.3066301345825195,-6.664558410644531,-2.4207589626312256,-6.483517646789551,-9.868850708007812,-0.5314546227455139
00011,Jan,-319.8628234863281,136.36952209472656,19.67112159729004,18.590576171875,-4.772442817687988,-10.063813209533691,-12.687141418457031,0.6771584153175354,-1.116395115852356,-3.5300443172454834,-13.453307151794434,-14.815221786499023,-4.733989238739014
00012,Jan,-331.6783447265625,118.50955963134766,-15.27452278137207,29.44659996032715,10.769773483276367,9.172987937927246,-0.9864358305931091,1.1243947744369507,-10.576918601989746,-3.268310070037842,-6.583355903625488,-11.858478546142578,-8.18285846710205
00014,Jan,-346.7341003417969,138.46202087402344,17.422842025756836,22.82706069946289,3.8914642333984375,1.5089126825332642,-3.363123655319214,3.4774062633514404,-4.549074172973633,-1.7264928817749023,-9.479909896850586,-17.01589012145996,-13.716376304626465
00015,Jan,-358.9796447753906,134.2310791015625,-9.04996395111084,25.423072814941406,6.019498348236084,4.390800476074219,-7.0098443031311035,3.5650665760040283,-13.361649513244629,-2.0661377906799316,-4.959277153015137,-19.080589294433594,-8.078198432922363
00016,Jan,-347.6400146484375,140.2592010498047,8.1520414352417,12.455638885498047,2.57962703704834,-6.024435043334961,-10.500184059143066,2.8736207485198975,-6.597152233123779,-3.9789164066314697,-11.395055770874023,-17.54773712158203,-6.905360221862793
00017,Jan,-361.3688049316406,149.81260681152344,9.629595756530762,14.527375221252441,0.8889138698577881,-5.229063510894775,-12.165558815002441,4.816155433654785,-7.844587326049805,-6.252758502960205,-10.885669708251953,-18.163007736206055,-6.41008186340332
00018,Jan,-363.64984130859375,100.85433959960938,-3.6381497383117676,26.401884078979492,13.239375114440918,1.0687413215637207,-5.563146114349365,1.0666790008544922,-9.4318208694458,2.9430108070373535,-6.892149925231934,-18.358182907104492,-7.802431583404541
00020,Jan,-352.09393310546875,148.4962615966797,19.974349975585938,18.535558700561523,0.423722505569458,-1.1942062377929688,-6.209487438201904,10.247953414916992,-5.741428852081299,-3.0183310508728027,-10.421906471252441,-19.441726684570312,-5.645114898681641
00021,Jan,-342.04852294921875,122.3755111694336,0.12744984030723572,13.110898971557617,-8.394469261169434,-5.559397220611572,-8.7388334274292,10.347460746765137,-10.445509910583496,-0.8956989049911499,-7.010775089263916,-14.815353393554688,0.5023442506790161
00022,Jan,-350.78314208984375,135.0886993408203,1.108794927597046,19.767932891845703,-2.669227123260498,4.135007381439209,-7.545229434967041,6.331020832061768,-6.198361396789551,-2.1706149578094482,-8.962088584899902,-14.395615577697754,-0.14888183772563934
00023,Jan,-335.41082763671875,130.47030639648438,9.259150505065918,17.317955017089844,-0.3089289963245392,-3.7031872272491455,-9.219635963439941,7.433612823486328,-6.722728729248047,-1.7376165390014648,-6.729920864105225,-16.303600311279297,-4.858964443206787
00026,Jan,-363.52734375,110.56804656982422,0.7749343514442444,24.910188674926758,14.932040214538574,0.36525461077690125,-11.172562599182129,1.9117628335952759,-11.167433738708496,-0.019082576036453247,-4.038429260253906,-18.340564727783203,-7.3085808753967285
00027,Jan,-316.3135986328125,142.2682342529297,1.842049241065979,22.792112350463867,1.4653445482254028,-5.764000415802002,-7.5880560874938965,3.0519070625305176,-18.4558048248291,0.7013451457023621,-9.305892944335938,-22.82002830505371,-2.417792320251465
00028,Jan,-343.7635192871094,121.70494079589844,4.88140869140625,21.192777633666992,7.527849197387695,1.8131037950515747,-2.807018995285034,0.23468558490276337,-10.654511451721191,3.720219135284424,-4.689325332641602,-19.192279815673828,-6.634702682495117
00029,Jan,-327.1714172363281,103.51959991455078,-0.647070586681366,9.80258560180664,-1.6271283626556396,-5.807298183441162,-9.233750343322754,4.775410175323486,-6.397963047027588,4.590755939483643,-4.220271110534668,-17.33530044555664,-2.075512170791626
00030,Jan,-410.39306640625,115.13954162597656,9.730182647705078,22.070735931396484,2.381193161010742,-1.719520092010498,-7.345607757568359,1.909643292427063,-11.880144119262695,1.046326994895935,-5.446495532989502,-17.414560317993164,-3.0384156703948975
00031,Jan,-330.5946350097656,123.15825653076172,-1.575329065322876,14.870818138122559,-11.747968673706055,-7.850057125091553,-9.131800651550293,9.506135940551758,-6.168622970581055,1.7929408550262451,-5.988290786743164,-13.46880054473877,0.47089260816574097
00032,Jan,-306.0923767089844,128.11334228515625,-14.495916366577148,25.021106719970703,0.9872938394546509,-1.341261625289917,-10.244136810302734,3.891587734222412,-17.151031494140625,0.554994523525238,-5.944092273712158,-20.740957260131836,-1.1260102987289429
00033,Jan,-347.46044921875,108.19017028808594,0.7301061153411865,10.577840805053711,1.5143543481826782,-2.0645158290863037,-1.756218671798706,9.699767112731934,-5.336630821228027,-0.863536536693573,-6.6683478355407715,-11.714794158935547,-0.4574746787548065
00034,Jan,-367.53875732421875,128.8985137939453,6.031281471252441,17.966167449951172,-3.852431297302246,-11.112448692321777,-13.878464698791504,5.238648891448975,-7.03314208984375,-1.1622731685638428,-5.512545585632324,-14.364950180053711,-4.872048854827881
00038,Jan,-362.6257629394531,124.03141784667969,-7.662335395812988,31.245466232299805,11.899798393249512,-2.971691846847534,-9.031946182250977,5.478835105895996,-12.77548599243164,9.171554565429688,-3.150914192199707,-20.5631103515625,-2.1870548725128174
00039,Jan,-310.5862731933594,141.0587615966797,-3.4249958992004395,20.057292938232422,-6.895459175109863,-7.549552917480469,-10.538370132446289,9.154006004333496,-13.689094543457031,-0.34468385577201843,-7.9916887283325195,-19.149063110351562,0.8976878523826599
00041,Jan,-373.7063293457031,109.65864562988281,16.93632698059082,11.868326187133789,-1.182896614074707,-1.696149468421936,-7.069749355316162,0.810279130935669,-4.076925277709961,-0.5128880739212036,-6.575249195098877,-12.12168025970459,-6.356324672698975
00042,Jan,-310.3197021484375,140.28514099121094,-1.015286922454834,14.205557823181152,-2.755281448364258,-7.577456474304199,-6.127775192260742,8.339813232421875,-11.603888511657715,-5.350571155548096,-7.597696781158447,-13.366694450378418,1.8058913946151733
00043,Jan,-321.152099609375,152.94448852539062,9.75041389465332,19.32997703552246,-3.354126453399658,-4.04182243347168,-12.334487915039062,8.705533981323242,-5.744481086730957,-3.080289363861084,-6.26986026763916,-18.43175506591797,-5.597402095794678
00044,Jan,-368.9693603515625,118.06975555419922,2.799136161804199,14.995645523071289,-4.14723539352417,-0.4291864037513733,-4.7307820320129395,5.904133319854736,-9.747496604919434,-2.008640766143799,-7.316991329193115,-14.73158073425293,-4.024207592010498
00045,Jan,-359.90484619140625,110.81824493408203,-1.977748990058899,28.84913444519043,9.919907569885254,2.3985984325408936,-7.832491874694824,7.535084247589111,-12.499704360961914,-0.25987470149993896,-6.4794206619262695,-18.09060287475586,-4.827728271484375
00046,Jan,-357.79150390625,115.30882263183594,-1.0550272464752197,15.17634391784668,11.227944374084473,3.8113577365875244,-4.906003475189209,-2.5969667434692383,-14.737194061279297,-1.5287069082260132,-5.583935260772705,-20.366453170776367,-11.109441757202148
00001,Lisbeth,-411.78607177734375,75.20526885986328,-2.067624807357788,0.17786911129951477,-7.291324615478516,-8.50401496887207,-6.933656692504883,-0.7004719376564026,-3.1282665729522705,-5.022372722625732,-6.060586929321289,-3.5763320922851562,-4.52100133895874
00002,Lisbeth,-362.5746765136719,131.18096923828125,7.595275402069092,18.057430267333984,-6.594171524047852,-14.568388938903809,-11.574846267700195,0.49235010147094727,-3.764652729034424,-14.173539161682129,-19.175012588500977,-5.165625095367432,-9.912038803100586
00003,Lisbeth,-354.516357421875,139.5654296875,-11.991067886352539,2.436246395111084,-1.2935230731964111,-11.705970764160156,-15.770832061767578,-2.8651723861694336,-5.049045562744141,-10.992416381835938,-10.166837692260742,-5.76016902923584,-11.973828315734863
00004,Lisbeth,-356.8268127441406,111.85725402832031,11.870238304138184,27.089988708496094,12.202588081359863,-9.040928840637207,-15.97197437286377,-7.929715156555176,-4.980659008026123,-7.539912700653076,-13.968595504760742,-13.259481430053711,-14.925398826599121
00006,Lisbeth,-381.43255615234375,77.45398712158203,4.970250606536865,12.457797050476074,3.6566829681396484,-9.430058479309082,-12.505249977111816,-8.511252403259277,-7.666654586791992,-6.5812273025512695,-6.16813850402832,-6.316102981567383,-13.548973083496094
00007,Lisbeth,-319.9722900390625,147.05523681640625,-6.813995361328125,24.893312454223633,5.3968377113342285,-23.732860565185547,-29.087228775024414,-6.610503673553467,-1.7735998630523682,-14.891684532165527,-19.747684478759766,-11.572684288024902,-20.473827362060547
00008,Lisbeth,-410.58935546875,126.77501678466797,9.637351036071777,11.490714073181152,3.55761456489563,-5.811710357666016,-16.287689208984375,-5.280276775360107,0.09594353288412094,-3.640744924545288,-10.68224811553955,-5.821832180023193,-14.959712028503418
00009,Lisbeth,-462.46197509765625,101.52232360839844,10.492006301879883,4.257950782775879,11.836174011230469,1.2610971927642822,-11.025827407836914,-5.588659286499023,-3.104527235031128,-3.1611435413360596,-3.5923776626586914,-7.888047695159912,-16.614572525024414
00011,Lisbeth,-347.4406433105469,143.0580291748047,3.4963464736938477,19.200958251953125,-0.055693063884973526,-15.857245445251465,-19.59554672241211,-8.015055656433105,-4.534393310546875,-12.936381340026855,-17.291765213012695,-6.753115177154541,-19.226146697998047
00012,Lisbeth,-349.6012878417969,135.02523803710938,-23.789831161499023,13.290520668029785,0.19237405061721802,-19.4733943939209,-22.910118103027344,-9.649327278137207,-9.976666450500488,-14.601396560668945,-14.513788223266602,-4.530538558959961,-18.314411163330078
00013,Lisbeth,-373.96710205078125,135.17343139648438,-9.768608093261719,22.27159309387207,-3.51601505279541,-18.769062042236328,-17.92534828186035,-7.5020294189453125,-6.324666976928711,-11.100683212280273,-13.56395435333252,-11.26500129699707,-20.977214813232422
00015,Lisbeth,-414.9244689941406,112.05171966552734,4.6995110511779785,15.435562133789062,0.28403663635253906,-7.472012042999268,-17.96063804626465,-10.823030471801758,-5.384568214416504,-9.097530364990234,-10.974444389343262,-8.288378715515137,-18.308786392211914
00016,Lisbeth,-375.568115234375,94.14537811279297,6.523985385894775,21.75879669189453,8.975713729858398,-9.149482727050781,-14.459638595581055,-8.672536849975586,-3.3619384765625,-9.3006010055542,-12.734789848327637,-8.415925979614258,-21.31145477294922
00017,Lisbeth,-324.23455810546875,114.78875732421875,-10.171873092651367,22.046710968017578,7.669145107269287,-7.126105308532715,-17.11787986755371,-11.671701431274414,-8.246355056762695,-7.827205657958984,-11.252145767211914,-12.608922958374023,-21.34418487548828
00019,Lisbeth,-293.99200439453125,139.5026092529297,-12.049590110778809,4.585488319396973,3.8432888984680176,-8.665678977966309,-22.03114891052246,-12.690437316894531,-6.527425765991211,-18.1317081451416,-17.297317504882812,-9.514047622680664,-21.973726272583008
00020,Lisbeth,-439.2398681640625,104.78438568115234,2.4239819049835205,12.111172676086426,3.274716377258301,-0.4004790484905243,-13.295781135559082,-5.815455436706543,-3.0979385375976562,-12.197134971618652,-11.283198356628418,-11.41822624206543,-18.53304100036621
00022,Lisbeth,-366.1944885253906,102.87370300292969,-6.992814540863037,10.069717407226562,6.556978225708008,1.202681303024292,-22.698402404785156,-14.477566719055176,-5.814169406890869,-13.235641479492188,-12.557428359985352,-15.939075469970703,-24.156085968017578
00023,Lisbeth,-422.8305358886719,125.73261260986328,-12.947771072387695,2.4919607639312744,-8.911067008972168,-12.205534934997559,-13.433645248413086,-5.921712398529053,-2.350294828414917,-5.351902961730957,-12.464533805847168,-9.739516258239746,-17.017581939697266
00024,Lisbeth,-384.24346923828125,119.09114837646484,-10.639979362487793,13.847753524780273,1.308287262916565,-7.844553470611572,-11.838799476623535,-13.945635795593262,-9.958843231201172,-3.1922667026519775,-11.185538291931152,-10.464168548583984,-16.198654174804688
00025,Lisbeth,-349.9166259765625,130.84388732910156,-5.387968063354492,22.29439353942871,-0.12631723284721375,-6.789888381958008,-16.23682975769043,-11.725194931030273,-7.263848304748535,-14.631243705749512,-17.41002655029297,-9.90678882598877,-23.485313415527344
00027,Lisbeth,-366.9451599121094,105.64569854736328,-4.03620719909668,4.531702041625977,-4.1607441902160645,-11.380311965942383,-15.22594928741455,-7.536525726318359,-3.91117000579834,-4.712099552154541,-7.111194610595703,-7.595006942749023,-15.84885311126709
00028,Lisbeth,-333.37860107421875,110.61932373046875,-12.405856132507324,18.581571578979492,12.364015579223633,-6.816186904907227,-22.521345138549805,-16.555801391601562,-4.132967948913574,-4.716289043426514,-12.008013725280762,-14.314750671386719,-22.835166931152344
00029,Lisbeth,-386.99359130859375,144.73574829101562,-6.439408302307129,24.798032760620117,15.717934608459473,-0.7753812074661255,-21.14148712158203,-14.003498077392578,-4.322533130645752,-5.603226661682129,-11.53941535949707,-19.94611358642578,-27.94551658630371
00031,Lisbeth,-345.16583251953125,128.9755401611328,-10.490391731262207,13.00018310546875,4.075075149536133,-5.909173965454102,-16.57337188720703,-11.72054672241211,-7.770918369293213,-8.750940322875977,-12.062122344970703,-12.182494163513184,-22.050642013549805
00033,Lisbeth,-377.57012939453125,107.00651550292969,-7.531804084777832,4.786323070526123,1.507046103477478,-8.174110412597656,-16.50352668762207,-9.620828628540039,-6.8689284324646,-6.893275260925293,-6.690600395202637,-10.186737060546875,-19.44043731689453
00034,Lisbeth,-363.3624267578125,109.68135070800781,-18.057313919067383,11.866604804992676,-3.7618918418884277,-14.682454109191895,-19.452402114868164,-13.071764945983887,-7.223295211791992,-1.634558916091919,-8.220118522644043,-14.075895309448242,-17.533626556396484
00035,Lisbeth,-352.2054443359375,110.02604675292969,-16.77408218383789,20.150304794311523,3.094416618347168,-3.404435396194458,-19.35793685913086,-19.344202041625977,-8.329628944396973,-4.657905101776123,-9.171324729919434,-18.339130401611328,-25.74702262878418
00036,Lisbeth,-345.3092346191406,140.7948760986328,-14.676668167114258,10.511375427246094,0.5410822629928589,-11.314298629760742,-20.356292724609375,-12.031808853149414,-10.183991432189941,-5.936220645904541,-5.959657192230225,-18.110124588012695,-21.452356338500977
00038,Lisbeth,-394.7564697265625,93.77310180664062,-1.8183338642120361,11.9014310836792,6.164079189300537,-5.252669334411621,-12.19489860534668,-7.261800765991211,-4.1442108154296875,-1.5692448616027832,-5.410224914550781,-14.208781242370605,-19.156627655029297
00039,Lisbeth,-339.7164306640625,124.3051986694336,-9.319229125976562,21.61697006225586,13.517653465270996,-4.365222454071045,-20.33155632019043,-12.344388961791992,-3.1915130615234375,-7.860461711883545,-11.613642692565918,-20.04295539855957,-27.01238250732422
00040,Lisbeth,-349.616455078125,122.71353912353516,-15.72724437713623,8.158012390136719,1.1590805053710938,-7.756038665771484,-21.14060401916504,-13.010411262512207,-8.542494773864746,-7.186163425445557,-10.441936492919922,-17.038494110107422,-23.09638786315918
00041,Lisbeth,-374.64532470703125,115.91464233398438,-22.552780151367188,29.973934173583984,19.101049423217773,0.7905571460723877,-26.52355194091797,-12.861883163452148,-6.1605000495910645,-1.617130160331726,-3.998760223388672,-19.222631454467773,-22.60440444946289
00043,Lisbeth,-370.4858703613281,107.6125717163086,-20.575132369995117,15.805099487304688,11.480484962463379,-4.572351455688477,-21.56147575378418,-8.647695541381836,-5.53084659576416,-3.9083900451660156,-4.556292533874512,-19.140527725219727,-20.29336929321289
00044,Lisbeth,-376.7242736816406,92.29756927490234,-0.5891104340553284,15.493707656860352,7.1180620193481445,-3.985241651535034,-16.287443161010742,-9.922877311706543,-7.203383922576904,-5.121574878692627,-7.080714702606201,-17.57393455505371,-21.01028060913086
00045,Lisbeth,-311.7779235839844,138.52920532226562,-36.49082946777344,12.20883846282959,8.07214641571045,-13.987384796142578,-20.74677848815918,-11.083109855651855,-13.464811325073242,-11.505021095275879,-6.636242389678955,-18.53211212158203,-26.192127227783203
00047,Lisbeth,-381.0198974609375,102.77465057373047,-3.300039291381836,21.02751922607422,5.073999881744385,-4.962426662445068,-18.075176239013672,-13.065803527832031,-7.949289798736572,-2.535767078399658,-5.413877487182617,-19.57894515991211,-23.84282875061035
00048,Lisbeth,-365.02508544921875,104.5547866821289,-19.42266082763672,14.147294044494629,7.24907922744751,-8.049509048461914,-17.704715728759766,-6.5156354904174805,-4.707592964172363,-7.471286773681641,-6.66796875,-14.721236228942871,-19.816797256469727
00050,Lisbeth,-414.3576965332031,129.169677734375,-7.963826656341553,3.1861655712127686,-2.1210784912109375,-8.782822608947754,-13.866016387939453,-6.834371089935303,-4.0221052169799805,-0.7464708089828491,-7.461205959320068,-10.792901039123535,-9.227703094482422
00002,Malene,-360.8458557128906,130.69253540039062,6.962600231170654,15.30431842803955,-15.060373306274414,-7.828530311584473,-7.776760101318359,-0.039473552256822586,-5.77247953414917,-11.176809310913086,-12.70037841796875,-13.501644134521484,-12.226572036743164
00003,Malene,-369.13299560546875,131.8690185546875,-1.8748410940170288,10.948834419250488,-15.701725959777832,-14.309734344482422,-11.134100914001465,-1.4929556846618652,-6.713500022888184,-7.139737129211426,-14.224445343017578,-13.832991600036621,-7.12588357925415
00004,Malene,-375.7551574707031,142.30445861816406,1.773337483406067,26.580110549926758,-6.7322916984558105,-6.745871067047119,-21.436656951904297,-4.370227336883545,-3.344575881958008,-6.434781551361084,-11.62295913696289,-19.65353012084961,-11.980245590209961
00005,Malene,-391.23822021484375,122.36282348632812,-16.984458923339844,21.04814338684082,-5.728555679321289,-1.992213487625122,-14.797283172607422,-3.4954206943511963,-6.891168117523193,-7.614032745361328,-6.67264461517334,-12.808698654174805,-10.776668548583984
00006,Malene,-366.85333251953125,118.7444839477539,4.9032464027404785,8.027073860168457,-8.95071792602539,-12.842985153198242,-14.134796142578125,-0.08587992936372757,-2.1443662643432617,-8.019851684570312,-10.068965911865234,-10.931906700134277,-7.910790920257568
00008,Malene,-428.1626281738281,143.8457794189453,0.5104655623435974,6.271440505981445,-7.553804397583008,-7.050765514373779,-12.094639778137207,-3.5826427936553955,-6.247008323669434,-6.949770450592041,-11.09069538116455,-10.489718437194824,-7.167252540588379
00009,Malene,-373.04052734375,124.4979248046875,5.789424419403076,11.704558372497559,-4.490128517150879,-7.9064483642578125,-12.908300399780273,-5.460708141326904,-7.09086275100708,-6.123579978942871,-7.041381359100342,-13.082405090332031,-11.266892433166504
00010,Malene,-394.98333740234375,146.4640350341797,9.128334999084473,8.558865547180176,-11.753924369812012,-5.328241348266602,-14.091348648071289,-6.364428997039795,-2.610426664352417,-9.316468238830566,-13.742444038391113,-10.962882041931152,-8.53624439239502
00013,Malene,-401.4434509277344,106.00631713867188,-21.19481658935547,26.58428382873535,-6.470248222351074,-7.308526039123535,-10.68791389465332,-3.158992052078247,-11.76618766784668,-4.2020673751831055,-7.340224742889404,-9.803789138793945,-4.523897171020508
00014,Malene,-387.35601806640625,114.05931091308594,-10.766828536987305,23.81947135925293,-9.836627960205078,-7.0462327003479,-17.02439308166504,-5.009360313415527,-6.193496227264404,-4.887333393096924,-9.469762802124023,-10.6884765625,-8.002422332763672
00015,Malene,-402.5774230957031,120.49415588378906,19.134784698486328,17.514650344848633,-8.296133995056152,-7.117548942565918,-10.897221565246582,-5.41121244430542,-1.934824824333191,-8.249878883361816,-12.078840255737305,-8.809481620788574,-10.728018760681152
00016,Malene,-384.634765625,129.17201232910156,-11.951549530029297,20.6979923248291,-8.398085594177246,-4.655584812164307,-11.932073593139648,-4.0561065673828125,-10.195450782775879,-6.9786810874938965,-13.178131103515625,-11.867586135864258,-5.699406623840332
00018,Malene,-393.2049560546875,139.64822387695312,-13.434930801391602,10.654030799865723,-12.452179908752441,-11.168584823608398,-16.923065185546875,-3.8927669525146484,-7.449772834777832,-7.7382354736328125,-9.305912017822266,-8.478347778320312,-4.05445671081543
00019,Malene,-388.56536865234375,126.65336608886719,-14.14902400970459,18.553117752075195,-4.776393890380859,-7.616011619567871,-15.63977336883545,-5.5609965324401855,-8.728218078613281,-11.396452903747559,-11.664773941040039,-9.60975456237793,-6.764561653137207
00021,Malene,-346.3993225097656,101.06903839111328,-1.761742353439331,35.27547836303711,16.619565963745117,-4.657938003540039,-19.814180374145508,-9.32318115234375,-6.287382125854492,-5.558518409729004,-12.840041160583496,-11.044530868530273,-9.413281440734863
00022,Malene,-422.819580078125,134.50584411621094,-9.67134952545166,15.23221206665039,-0.0036839693784713745,-6.904600143432617,-15.762049674987793,-3.6084349155426025,-4.737537860870361,-5.521783828735352,-12.05119514465332,-10.256538391113281,-5.519797325134277
00023,Malene,-440.15655517578125,131.83273315429688,0.1013304814696312,9.394391059875488,-19.12714958190918,-8.812786102294922,-5.527096271514893,2.000088930130005,-3.1829817295074463,-5.450431823730469,-13.294386863708496,-7.54162073135376,-2.0619008541107178
00024,Malene,-449.4205322265625,109.89421081542969,-9.841020584106445,9.590590476989746,-4.251387596130371,-7.478679180145264,-10.846481323242188,-4.901434898376465,-5.703221321105957,-4.5950469970703125,-7.910804748535156,-7.929592132568359,-7.4529242515563965
00025,Malene,-387.1189270019531,148.62623596191406,7.696985244750977,19.725618362426758,-7.284033298492432,-7.279229164123535,-10.328447341918945,-6.839807510375977,-7.045141220092773,-11.066840171813965,-13.961263656616211,-12.087942123413086,-9.544153213500977
00026,Malene,-391.8299560546875,141.16427612304688,-8.625519752502441,21.27618980407715,-9.029483795166016,-5.479999542236328,-14.345064163208008,-5.219095230102539,-8.910758972167969,-2.4491419792175293,-7.743229866027832,-11.072279930114746,-6.273926734924316
00027,Malene,-390.8978271484375,143.4122314453125,-3.4902355670928955,15.444204330444336,-11.266592979431152,-8.278861045837402,-16.412445068359375,-4.996096134185791,-5.292532444000244,-9.125367164611816,-6.898882865905762,-7.423506259918213,-8.489418029785156
00028,Malene,-388.51434326171875,106.069580078125,-9.074095726013184,20.67610740661621,-7.555294513702393,-6.944981575012207,-12.503135681152344,-6.072777271270752,-8.043034553527832,-4.842777729034424,-6.218104362487793,-7.688523292541504,-5.231038570404053
00029,Malene,-399.21197509765625,97.94959259033203,1.695373296737671,25.775442123413086,6.207957744598389,-6.578868865966797,-15.920465469360352,-6.812389373779297,-0.31419557332992554,-5.935614585876465,-7.246801853179932,-6.313110828399658,-10.204885482788086
00031,Malene,-375.33477783203125,101.97314453125,10.783143043518066,22.646068572998047,0.34648457169532776,-10.466866493225098,-10.196722984313965,-7.3552446365356445,-4.0368428230285645,-3.6165668964385986,-10.98729133605957,-11.029180526733398,-8.535820960998535
00032,Malene,-400.81805419921875,106.29077911376953,-3.924034595489502,4.680603504180908,-3.2744967937469482,-9.93544864654541,-8.439435005187988,-2.3231377601623535,-7.149187088012695,-5.241329193115234,-5.011160373687744,-2.432875156402588,-5.4822998046875
00034,Malene,-399.96490478515625,112.53227233886719,-17.596277236938477,16.861724853515625,2.7142834663391113,-7.788094520568848,-20.59534454345703,-7.840811729431152,-5.169678688049316,-5.696009635925293,-10.402570724487305,-9.499236106872559,-7.320213794708252
00035,Malene,-390.9794921875,130.13546752929688,0.701143741607666,7.031214714050293,-3.273691177368164,-4.67946195602417,-13.24273681640625,-2.256321430206299,-5.961326599121094,-8.057287216186523,-12.069238662719727,-11.005046844482422,-7.870781898498535
00036,Malene,-439.02227783203125,109.28459930419922,-0.8433816432952881,13.366125106811523,-3.1371498107910156,-9.094252586364746,-11.620990753173828,0.1347218006849289,-7.358415603637695,-4.932985305786133,-5.82137393951416,-8.075222969055176,-3.907343864440918
00037,Malene,-398.77630615234375,135.3070068359375,2.605032444000244,14.88342571258545,-16.86868667602539,-11.880025863647461,-16.68718147277832,-3.613159418106079,-6.941633224487305,-2.5310206413269043,-10.036768913269043,-14.427122116088867,-5.547975540161133
00038,Malene,-420.99078369140625,114.89220428466797,-7.382634162902832,18.158098220825195,-0.3886943757534027,-3.6680190563201904,-14.59196662902832,-4.006458282470703,-6.371095657348633,-2.259204626083374,-16.27159881591797,-18.643672943115234,-4.852718353271484
00039,Malene,-441.92681884765625,115.4259033203125,-1.8759324550628662,12.965248107910156,-0.70469069480896,-2.6929783821105957,-11.117206573486328,-3.6336116790771484,-8.230819702148438,-5.135064125061035,-6.427542686462402,-9.617868423461914,-8.033509254455566
00040,Malene,-391.1499328613281,125.86016082763672,0.6970968246459961,15.304439544677734,-4.345883846282959,-3.6816821098327637,-13.985635757446289,-6.02070426940918,-8.12499713897705,-6.367066383361816,-14.073042869567871,-15.643523216247559,-8.55504035949707
00042,Malene,-407.7776184082031,125.63157653808594,-13.573760986328125,8.603229522705078,-13.739230155944824,-5.455827236175537,-12.715447425842285,2.3976030349731445,-8.03293228149414,-2.8744845390319824,-8.946341514587402,-7.314257621765137,-1.051018476486206
00044,Malene,-420.3780517578125,107.46255493164062,-7.4967265129089355,14.670193672180176,-7.053959846496582,-5.892454147338867,-14.824116706848145,-4.6520771980285645,-8.41934871673584,-4.8607378005981445,-9.39577579498291,-12.135430335998535,-7.678671836853027
00046,Malene,-401.9228515625,143.0504608154297,4.2544474601745605,18.037330627441406,-6.298458576202393,-11.262653350830078,-15.909075736999512,-4.760683536529541,-10.236051559448242,-5.981279373168945,-7.643229961395264,-14.650501251220703,-10.494346618652344
00048,Malene,-389.3919982910156,117.37109375,-12.573795318603516,27.294862747192383,1.6497443914413452,-8.666499137878418,-16.399295806884766,-4.512223720550537,-14.213069915771484,-4.333229064941406,-10.7493314743042,-14.958914756774902,-7.227122783660889
00049,Malene,-409.55657958984375,111.73347473144531,-9.152420997619629,9.396723747253418,4.561825752258301,-7.607617378234863,-17.209476470947266,-10.077932357788086,-7.410840034484863,-3.104698419570923,-8.212007522583008,-13.440481185913086,-13.478262901306152
00050,Malene,-426.8127746582031,125.77227020263672,-12.050301551818848,18.800559997558594,-5.034388065338135,-6.254847526550293,-13.048370361328125,-2.7362730503082275,-7.270122528076172,-0.5323525071144104,-8.270565032958984,-9.566763877868652,-2.6795637607574463
